:020000040800F2
:10000000000027202D670008496600085166000897
:100010005966000861660008696600087D67000887
:1000200000000000000000000000000071660008F1
:100030007F660008000000008D6600089B660008CF
:100040007D6700087D6700087D6700087D67000800
:100050007D6700087D6700087D6700087D670008F0
:100060007D6700087D6700087D6700087D670008E0
:100070007D6700087D6700087D6700087D670008D0
:100080007D6700087D6700087D6700087D670008C0
:100090007D6700087D6700087D6700087D670008B0
:1000A0007D6700087D6700087D6700087D670008A0
:1000B0007D6700087D6700087D6700087D67000890
:1000C0007D6700087D6700087D6700087D67000880
:1000D0007D6700087D6700087D6700087D67000870
:1000E0007D6700087D6700087D6700087D67000860
:1000F0007D6700087D6700087D6700087D67000850
:100100007D6700087D6700087D6700087D6700083F
:100110007D6700087D6700087D6700087D6700082F
:100120007D6700087D6700087D6700087D6700081F
:100130007D6700087D6700087D6700087D6700080F
:100140007D6700087D6700087D6700087D670008FF
:100150007D6700087D6700087D6700087D670008EF
:100160007D670008A96600087D6700087D670008B4
:100170007D6700087D6700087D6700087D670008CF
:100180007D6700087D6700087D6700087D670008BF
:100190007D6700087D6700087D6700087D670008AF
:1001A0007D6700087D6700087D6700087D6700089F
:1001B0007D6700087D6700087D6700087D6700088F
:1001C0007D6700087D6700087D6700087D6700087F
:1001D0007D6700087D6700087D6700087D6700086F
:1001E0007D6700087D6700087D6700087D6700085F
:1001F0007D6700087D6700087D6700087D6700084F
:100200007D6700087D6700087D6700087D6700083E
:100210007D6700087D6700087D6700087D6700082E
:100220007D6700087D6700087D6700087D6700081E
:100230007D6700087D6700087D6700087D6700080E
:100240007D6700087D6700087D6700087D670008FE
:1002500010B5054C237833B9044B13B10448AFF300
:1002600000800123237010BD280100200000000041
:1002700064EC000808B5034B1BB103490348AFF316
:10028000008008BD000000002C01002064EC000884
:1002900080B582B000AF7860396001224FF4004130
:1002A000104807F07DF901224FF400510D4807F086
:1002B00077F901224FF480610B4807F071F90122B0
:1002C00008210A4807F06CF97B683A681A607B6875
:1002D000A8221A71786800F03DF9034618460837DD
:1002E000BD4680BD00040242000C024200100242E2
:1002F00080B58CB004AFF8607A601A460B467B81FB
:1003000013463B8106F03EFBB8614FF47A737B6184
:1003100000224FF40071354807F042F958E07B891C
:1003200003F01F039BB2C3F12003FB83FA8B3B89CD
:100330009A4201D93B89FB83FB681868FB681B79EB
:1003400019467A8964230293FB8B01937B6800939F
:10035000022307F0D9F90346002B07D001224FF4FE
:100360000071224807F01CF901233BE0FB68186884
:10037000FB681B7919460A23052207F0F3FB0346A5
:10038000002B08D006F0FEFA0246BB69D31A7A6940
:100390009A42EBD800E000BF06F0F4FA0246BB69CF
:1003A000D31A7A699A4207D801224FF400710F4894
:1003B00007F0F6F8032315E03A89FB8BD31A3B814B
:1003C000FB8B7A6813447B607A89FB8B13447B81B7
:1003D0003B89002BA3D101224FF40071034807F0A1
:1003E000DFF8002318462037BD4680BD00100242CA
:1003F00080B586B000AFF8600B467A607B81FB6801
:10040000002B01D1012318E07B68DBB23B747B68D1
:100410001B0ADBB27B747B681B0CDBB2BB747B6892
:100420001B0EDBB2FB7407F1100279890423F86814
:10043000FFF75EFF0346FB75FB7D18461837BD4688
:1004400080BD80B58AB004AFF8607A601A460B466A
:100450007B8113463B810123FB7506F093FA3861DB
:10046000FB68002B02D07B68002B01D1012332E016
:10047000FB681868FB681B7919460A23052207F0F8
:1004800071FB0346FB75FB7D002B07D006F07AFA63
:1004900002463B69D31A632BEAD900E000BFFB7D1B
:1004A000002B01D0032316E0FB681868FB681B795A
:1004B00019467A89642302933B8901937B680093F0
:1004C000022307F035FA0346FB75FB7D002B01D0B4
:1004D000012300E0002318461837BD4680BD80B5D3
:1004E00086B000AFF8600B467A607B81FB68002B1A
:1004F00002D07B68002B01D1012327E007F1100215
:1005000079890423F868FFF79CFF0346FB75FB7DA0
:10051000002B01D0FB7D19E03B7C1A467B681A60FA
:100520007B681A687B7C1B021A437B681A607B68B5
:100530001A68BB7C1B041A437B681A607B681A68C4
:10054000FB7C1B061A437B681A6000231846183789
:10055000BD4680BD80B584B000AF786001224FF405
:100560000071094807F01CF87B6818687B681B79E4
:1005700019466423022207F0F5FA0346FB73FB7B5E
:1005800018461037BD4680BD0010024280B586B0C7
:1005900000AF78607B68002B00F0CA807B68043372
:1005A000184601F0D7FD7B6801221A707B68002293
:1005B0009A7006F0E7F902467B689A637B6800222E
:1005C000DA637B68002283F840207B68002283F88E
:1005D00041207B681B7C022B04D17B684FF00262B8
:1005E0005A6402E07B68554A5A647B68002283F8AB
:1005F00048207B680022DA647B6800221A657B68E9
:10060000002283F854207B68002283F855207B6801
:10061000002283F856207B68002283F857207B68ED
:100620000022C3F89024464BD3F8F4207B68C3F82B
:1006300094247B6802221A700123FB7507F11003D2
:1006400000210A461A800A469A703E4A07F10C03B6
:100650001268114619800233120C1A7007F1100249
:10066000032337213848FFF7ECFE0346FB75FB7D7B
:10067000002B19D00023BB7511E007F110020323F2
:1006800037213148FFF7DDFE0346FB75FB7D002B6C
:1006900009D0052006F082F9BB7D0133BB75BB7D17
:1006A000012BEAD900E000BFFB7D002B42D13B7C4F
:1006B000FF2B05D17B7CFF2B02D1BB7CFF2B0AD00B
:1006C00007F10C0107F11003032218460EF080FA1F
:1006D0000346002B2FD001233B7400237B7401239E
:1006E000BB7407F11002032337211748FFF700FE00
:1006F0000346002B1FD000237B7511E007F1100289
:10070000032337211048FFF7F3FD0346FB75FB7DFC
:10071000002B09D0052006F041F97B7D01337B7564
:100720007B7D012BEAD900E000BFFB7D002B02E0BE
:1007300000BF00E000BF1837BD4680BD00000408C0
:10074000000C02467CEC0008C4E90020B0B5CCB037
:1007500002AF07F59473A3F59273186007F59473CD
:10076000A3F592731B68002B01F0348206F00AF99E
:10077000024607F59473A3F592731B689B6BD21A1C
:1007800007F59473A3F592731B68DA63BB4802F014
:100790004DF8BA4B03F5405393F8A63A602BB74B8C
:1007A00003F5405393F8A63A602B0DD1B34B03F5F4
:1007B000405393F8AA3A182B06D107F59473A3F582
:1007C00092731B6809221A70AC4B03F5405393F8DF
:1007D000A63A602B1DD1A94B03F5405393F8AA3AD2
:1007E000192B16D107F59473A3F592731B681B7C24
:1007F000002B07D007F59473A3F592731B680822AA
:100800001A7006E007F59473A3F592731B6809222A
:100810001A709A4B03F5405393F8A63A602B08D10F
:10082000964B03F5405393F8AA3A202B01D106F0DA
:10083000F8F9924B03F5405393F8A63A602B53D145
:100840008E4B03F5405393F8AA3A222B4CD18B4B95
:1008500003F5405393F8AB3A012B45D107F1B003B0
:1008600000210A461A800A469A7007F1B002032353
:1008700037218348FFF7E5FD0346002B09D001230C
:1008800087F8B4300023C7F824310023A7F82231B9
:1008900009E0002387F8B43007F1B003C7F824312A
:1008A0000323A7F8223197F8B420B7F82211D7F81C
:1008B000243100930B462221602002F05FFC0346A6
:1008C0006E4A1046194642F21A731A460EF0BCF9E7
:1008D0006A4B03F58053B3F888331946674802F032
:1008E0003BFC034687F81F3107F59473A3F5927319
:1008F0001B68DA6B634B1B68D31A002BB8BF5B42D3
:1009000047F22F52934216DD07F59473A3F59273C5
:100910001B681B7C002B07D007F59473A3F592731B
:100920001B6808221A7006E007F59473A3F592730A
:100930001B6809221A70544807F0E2FD07F594730A
:10094000A3F592731B681B78023B072B01F24481CD
:1009500001A252F823F000BF79090008E709000856
:100960008D0A0008650B00088D0C0008ED180008C2
:10097000A31B0008C91B000807F59473A3F5927325
:10098000186801F043FA03461A4607F59473A3F575
:1009900092731B6883F8402007F59473A3F5927354
:1009A0001B6893F84030002B14D007F59473A3F51F
:1009B00092731B6804221A7007F59473A3F592735F
:1009C0001B6800225A7005F0DDFF03462D4A1360B4
:1009D00001F005B907F59473A3F592731B68032220
:1009E0001A7001F0FCB807F59473A3F592731B68B5
:1009F000DB6B40F6B732934241F2F08007F5947317
:100A0000A3F592731B685B6C184601F07DF90346F1
:100A10001A4607F59473A3F592731B6883F8482070
:100A200007F59473A3F592731B6893F84830002B75
:100A300008D007F59473A3F592731B6808221A7007
:100A400001F0CCB807F59473A3F592731B680122EB
:100A50009A7007F59473A3F592731B6804221A70B9
:100A600007F59473A3F592731B6800225A7005F082
:100A700089FF0346034A136001F0B0B84401002027
:100A8000C4E90020884F002050E4002007F594734B
:100A9000A3F592731B681B7C002B07D007F594739A
:100AA000A3F592731B685B7C002B18D107F5947338
:100AB000A3F592731B68002283F8842407F59473CE
:100AC000A3F592731B68BD4AC3F8882407F5947395
:100AD000A3F592731B68BA4AC3F88C2439E007F572
:100AE0009473A3F592731B685B7C012B18D107F5F7
:100AF0009473A3F592731B68002283F8842407F58E
:100B00009473A3F592731B68AC4AC3F8882407F565
:100B10009473A3F592731B68A94AC3F88C2418E058
:100B200007F59473A3F592731B68012283F884245C
:100B300007F59473A3F592731B684FF00262C3F834
:100B4000882407F59473A3F592731B689D4AC3F834
:100B50008C2407F59473A3F592731B6805221A7011
:100B600001F03DB80023C7F89C3007F59473A3F556
:100B700092731B68D3F88834C7F8C43007F59473B0
:100B8000A3F592731B68D3F88C34C7F8C030D7F83C
:100B9000C43003F178435B0BC7F8BC30D7F8C030E2
:100BA00003F178435B0BC7F8B8300223C7F8A030D5
:100BB0000123C7F8A430D7F8BC30C7F8A830D7F85D
:100BC000B820D7F8BC30D31A0133C7F8AC3006F0E0
:100BD0002BF907F19C0207F1A0031146184606F015
:100BE00021FA0346002B11D006F040F907F5947363
:100BF000A3F592731B6803229A7007F59473A3F50B
:100C000092731B680A221A7000F0E9BF06F02EF9F1
:100C100007F59473A3F592731B68D7F8C4209A65FF
:100C200007F59473A3F592731B68D7F8C420DA65AF
:100C300007F59473A3F592731B68DB6C002B06D049
:100C400007F59473A3F592731B68DB6C00E05E4BB1
:100C500007F59472A2F592721268536607F59473C1
:100C6000A3F592731B6840F20C421A6607F5947361
:100C7000A3F592731B6806221A7007F59473A3F507
:100C800092731B6800225A7000F0A9BF07F5947395
:100C9000A3F592731B685B78092B00F21B8601A2F7
:100CA00052F823F0CD0C00082D0D0008550E000859
:100CB000E3110008671200084D1400082B15000806
:100CC00077160008D5180008131800083F4B03F5E5
:100CD000405393F8A43A002B00F0FE853B4B03F5FC
:100CE0004053002283F8A42A384B03F5405393F86D
:100CF000A63A602B12D1354B03F5405393F8AA3A2C
:100D0000102B0BD107F59473A3F592731B68012286
:100D10005A7005F037FE03462D4A136044F63E62D2
:100D200000212A480DF064FF00F0D6BD294B0022B7
:100D30001A60284B00225A73264B00225A6007F58E
:100D40009473A3F592731B68DA6B214B1B68D31A5B
:100D5000002BB8BF5B42632B40F3C08505F012FE49
:100D600003461B4A136007F59473A3F592731B683F
:100D70001B7C012B02D0022B04D007E0012387F853
:100D8000943007E0022387F8943003E0002387F8CB
:100D9000943000BF07F59473A3F592731B685B7CD6
:100DA000012B02D0022B04D016E0012387F89530E6
:100DB00016E0022387F8953012E000BF0000040817
:100DC000FFFF1F08FFFF3B0800581B0044010020E5
:100DD000884F0020CC9D0020002387F8953000BF6D
:100DE00007F194030093022300221121602002F0F6
:100DF000C5F90346C54A1046194642F21A731A4607
:100E00000DF022FFC14B03F58053B3F88833194628
:100E1000BE4802F0A1F9034687F8CB3097F8CB30F3
:100E2000002B08D0B94B03F58053B3F8883319462B
:100E3000B64802F091F944F63E620021B3480DF045
:100E4000D7FE07F59473A3F592731B6802225A70BC
:100E500000F044BDAE4B00221A60AD4B00225A7325
:100E6000AB4B00225A60A94B03F5405393F8A43AC8
:100E7000002B00F03585A54B03F54053002283F885
:100E8000A42A05F07FFD0346A24A13609F4B03F599
:100E9000405393F8A63A602B40F082809B4B03F5B9
:100EA000405393F8AA3A122B7AD19B4BC7F8F030F3
:100EB000964B03F54053B3F8AC3A0C2B68D907F5C1
:100EC0009473A3F592731B684C33C7F8EC30D7F8D2
:100ED000F0301B781A46D7F8F03001331B781B022C
:100EE0001A43D7F8F03002331B781B041A43D7F8A3
:100EF000F03003331B781B061A43D7F8EC301A6026
:100F0000D7F8F03004331B781A46D7F8F0300533A1
:100F10001B781B021A43D7F8F03006331B781B04EA
:100F20001A43D7F8F03007331B781B061A43D7F85B
:100F3000EC305A60D7F8F03008331A78D7F8EC3034
:100F40001A72D7F8F030DA7AD7F8EC305A72D7F84C
:100F5000F0309A7AD7F8EC309A72D7F8F0305A7AA3
:100F6000D7F8EC30DA7207F59473A3F592731B6827
:100F7000D7F8EC20553309321188927819809A708D
:100F800007F59473A3F592731B6803225A7027E147
:100F900007F59473A3F592731B6808225A701FE13A
:100FA0005A4B03F5405393F8A63A602B40F09884CF
:100FB000564B03F5405393F8AA3A162B40F0908411
:100FC0000023C7F88030554BC7F8E830544BC7F8BA
:100FD000E430D7F8E83003F178435B0BC7F8E03032
:100FE000D7F8E43003F178435B0BC7F8DC30022319
:100FF000C7F884300123C7F88830D7F8E030C7F845
:101000008C30D7F8DC20D7F8E030D31A0133C7F89A
:10101000903005F009FF07F1800207F184031146C3
:10102000184605F0FFFF0346002B0AD005F01EFF0F
:1010300007F59473A3F592731B6803229A7000F06E
:10104000CEBD05F013FF4FF00263C7F8D830354B23
:10105000C7F8D430D7F8D83003F178435B0BC7F822
:10106000D030D7F8D43003F178435B0BC7F8CC30DD
:101070000223C7F884300123C7F88830D7F8D0306E
:10108000C7F88C30D7F8CC20D7F8D030D31A01333A
:10109000C7F8903005F0C8FE07F1800207F184031D
:1010A0001146184605F0BEFF0346002B0AD005F096
:1010B000DDFE07F59473A3F592731B6803229A7003
:1010C00000F08DBD05F0D2FE07F14003342200216F
:1010D00018460DF08DFD144B3B6407F59473A3F592
:1010E00092731B689B68B3F1FF3F1FD007F59473A1
:1010F000A3F592731B689B68002B17D007F59473B8
:10110000A3F592731B689B68013310E04401002033
:10111000CC9D0020884F0020F23B002000000408F6
:10112000FFFF1F08FFFF3B084154454D01237B642F
:10113000002387F85430002387F8643000233B6590
:10114000012387F84C30022387F84D30032387F8BA
:101150004E30B64800F086FF07F14003184601F014
:101160001BF9034683F00103DBB2002B0FD007F518
:101170009473A3F592731B6803229A7007F5947316
:10118000A3F592731B680A221A7000F028BD07F5B8
:101190009473A3F592731B681C1D07F140050FCDD6
:1011A0000FC40FCD0FC40FCD0FC42B68236007F5FC
:1011B0009473A3F592731B68002283F8842407F5C7
:1011C0009473A3F592731B68994AC3F8882407F5B2
:1011D0009473A3F592731B68964AC3F88C247FE33B
:1011E0007EE305F0CFFB0346934A1360934B002246
:1011F0001A60924B00225A73904B00225A6007F5F6
:101200009473A3F592731B68DB6C8D4A934222D8CA
:1012100007F59473A3F592731B6804225A7007F5BF
:101220009473A3F592731B68012283F8402007F59D
:101230009473A3F592731B6800229A6507F5947363
:10124000A3F592731B68DA6C07F59473A3F5927398
:101250001B685A6649E307F59473A3F592731B68FC
:1012600008225A7041E305F08DFB0346724A136071
:1012700007F59473A3F592731B68DB6B714A1360D7
:1012800007F59473A3F592731B6893F84030002B15
:1012900000F0288307F59473A3F592731B6893F805
:1012A000413083F00103DBB2002B00F01B8307F514
:1012B0009473A3F592731B68002283F8402007F50E
:1012C0009473A3F592731B68012283F8412007F5FC
:1012D0009473A3F592731B685B6EB3F5806F08D3AC
:1012E00007F59473A3F592731B684FF480621A6636
:1012F0000BE007F59473A3F592731B685A6E07F51C
:101300009473A3F592731B681A6607F178030022A1
:101310001A605A600823A7F8F63007F59473A3F50E
:1013200092731B689B6D1B0EDBB287F8783007F554
:101330009473A3F592731B689B6D1B0CDBB287F84B
:10134000793007F59473A3F592731B689B6D1B0AA4
:10135000DBB287F87A3007F59473A3F592731B68B4
:101360009B6DDBB287F87B3007F59473A3F592731E
:101370001B681B6E1B0EDBB287F87C3007F594737D
:10138000A3F592731B681B6E1B0CDBB287F87D30D4
:1013900007F59473A3F592731B681B6E1B0ADBB2EF
:1013A00087F87E3007F59473A3F592731B681B6E64
:1013B000DBB287F87F30B7F8F62007F178030093A7
:1013C000134600221321602001F0D8FE03461E4A76
:1013D0001046194642F21A731A460DF035FC1A4BA4
:1013E00003F58053B3F888331946174801F0B4FE6B
:1013F000034687F8F53097F8F530002B08D0124BEC
:1014000003F58053B3F8883319460F4801F0A4FE62
:1014100044F63E6200210C480DF0EAFB07F5947398
:10142000A3F592731B6805225A705BE200003C082A
:1014300000000408FFFF1F08884F0020CC9D0020FB
:1014400000581B00844F00204401002007F59473CE
:10145000A3F592731B68602283F8A02407F59473A8
:10146000A3F592731B68002283F8AC2407F59473EC
:10147000A3F592731B68602283F8B82407F5947370
:10148000A3F592731B6803F59363184601F0F4F813
:10149000BC4B03F5405393F8A43A002B00F0248290
:1014A00005F070FA0346B84A1360B64B03F5405393
:1014B000002283F8A42AB34B03F5405393F8A63ACD
:1014C000602B40F01182AF4B03F5405393F8AA3ADA
:1014D000142B40F00982AD4BC7F8F830A94B03F547
:1014E0004053B3F8AC3A1A4607F59473A3F59273D8
:1014F0001B681B6E9A42C0F0F78107F59473A3F541
:1015000092731B6868339F4A02F54052B2F8AC2AC6
:10151000D7F8F810184600F094FB07F59473A3F57C
:1015200092731B6806225A70DEE107F59473A3F5E7
:1015300092731B6803F1680007F59473A3F5927327
:101540001B68B3F87834194607F59473A3F59273C2
:101550001B68D3F87C341A4600F04EFD0346002B7E
:1015600017D007F59473A3F592731B68002283F8D4
:10157000812407F59473A3F592731B68002283F806
:10158000802407F59473A3F592731B6807225A70A1
:101590002EE007F59473A3F592731B68012283F87C
:1015A000802407F59473A3F592731B6893F8813434
:1015B0000133DAB207F59473A3F592731B6883F8CD
:1015C000812407F59473A3F592731B6893F8813413
:1015D000032B0DD907F59473A3F592731B680822AA
:1015E0005A7007F59473A3F592731B680A221A7058
:1015F000002387F898300123A7F8FE3007F594738D
:10160000A3F592731B6893F8803487F89830B7F885
:10161000FE2007F198030093134600221521602055
:1016200001F0ACFD0346574A1046194642F21A73C0
:101630001A460DF009FB534B03F58053B3F888337A
:101640001946504801F088FD034687F8FD3097F8A9
:10165000FD30002B08D04B4B03F58053B3F8883393
:101660001946484801F078FD44F63E62002145489D
:101670000DF0BEFA39E107F59473A3F592731B6878
:10168000FF2283F8A02407F59473A3F592731B68D7
:10169000FF2283F8AC2407F59473A3F592731B68BB
:1016A000FF2283F8B82407F59473A3F592731B689F
:1016B00003F59363184600F0DFFF002387F821311C
:1016C000002387F8203107F59473A3F592731B6804
:1016D000D3F8882407F59473A3F592731B68D3F8A5
:1016E00074341344C7F800311AE007F59473A3F576
:1016F00092731B6803F1680107F59473A3F5927365
:101700001B68B3F878341A46D7F8000100F0D5FC0E
:10171000034687F8213197F82031013387F82031CB
:1017200097F8213183F00103DBB2002B03D097F847
:101730002031022BD9D907F59473A3F592731B6856
:10174000012283F8402007F59473A3F592731B6878
:10175000002283F8412097F8213183F00103DBB2A6
:10176000002B15D007F59473A3F592731B68032221
:101770009A7007F59473A3F592731B680A221A7086
:10178000B3E000BF44010020884F0020F23B00205E
:1017900007F59473A3F592731B685B6E07F594725B
:1017A000A2F592721268B2F878249A1A07F5947327
:1017B000A3F592731B685A6607F59473A3F59273A9
:1017C0001B68D3F8743407F59472A2F5927212680C
:1017D000B2F878241A4407F59473A3F592731B6842
:1017E0009A6507F59473A3F592731B685B6E002BE3
:1017F00007D107F59473A3F592731B6809225A70F9
:1018000073E007F59473A3F592731B6804225A7072
:101810006BE00023C7F808310023C7F8043107F54F
:101820009473A3F592731B681B6DC7F8043107F519
:101830009473A3F592731B68D3F888341A4607F59E
:101840009473A3F592731B68DB6C1946104600F085
:1018500097FBC7F80801D7F80821D7F804319A4256
:101860000ED007F59473A3F592731B6804229A7047
:1018700007F59473A3F592731B680A221A70AEE100
:1018800007F59473A3F592731B68602283F8A02474
:1018900007F59473A3F592731B68002283F8AC24B8
:1018A00007F59473A3F592731B68602283F8B8243C
:1018B00007F59473A3F592731B6803F593631846B9
:1018C00000F0DAFE07F59473A3F592731B68072204
:1018D0001A700AE000BF82E100BF80E100BF7EE134
:1018E00000BF7CE100BF7AE100BF78E107F10C03A3
:1018F000184600F0FFFC034683F00103DBB2002B27
:1019000004D007F10C03184600F084FD07F594732A
:10191000A3F58E7307F140041D460FCD0FC40FCD04
:101920000FC40FCD0FC42B6823600023BB6407F1E5
:10193000400304333021184600F022FBC7F8180199
:1019400007F59473A3F58E731B68A74A934208D1D9
:1019500007F59473A3F58E739B68D7F818219A4204
:1019600004D007F10C03184600F054FD07F59473FA
:10197000A3F58E735B7B87F8173197F81731002B2F
:101980000ED107F59473A3F592731B6801229A7028
:1019900007F59473A3F592731B680A221A701EE16F
:1019A00007F59473A3F58E7397F817211A7397F8B8
:1019B0001731012B01D1022200E0012207F59473B7
:1019C000A3F58E735A7307F59473A3F58E730022F3
:1019D0009A7307F59473A3F58E735B685A1C07F529
:1019E0009473A3F58E735A6007F59473A3F58E7301
:1019F00000221A6197F81731012B03D107F10C036C
:101A0000143302E007F10C032433C7F8103107F553
:101A10009473A3F592731B68DA6CD7F810315A608F
:101A200007F59473A3F592731B681A6DD7F81031FC
:101A30009A6007F59473A3F592731B6893F8552089
:101A4000D7F810311A7307F59473A3F592731B68D6
:101A500093F85620D7F810315A7307F59473A3F50D
:101A600092731B6893F85720D7F810319A73D7F800
:101A7000103101221A7007F10C03184600F08CFC9B
:101A8000034687F80F3197F80F3183F00103DBB27B
:101A9000002B0ED007F59473A3F592731B680322F5
:101AA0009A7007F59473A3F592731B680A221A7053
:101AB00095E007F59473A3F58E731B7B022B08D179
:101AC00007F59473A3F592731B684FF002625A6492
:101AD00006E007F59473A3F592731B68434A5A64B2
:101AE00007F1740300210A461A800A469A7007F526
:101AF0009473A3F592731B6893F8553087F874308C
:101B000007F59473A3F592731B6893F8563087F822
:101B1000753007F59473A3F592731B6893F85730EB
:101B200087F8763007F17402032300213048FEF76E
:101B3000DFFB00230093002300222121602001F01D
:101B40001DFB03462B4A1046194642F21A731A46E9
:101B50000DF07AF8274B03F58053B3F88833194614
:101B6000244801F0F9FA034687F80E3197F80E3150
:101B7000002B08D01F4B03F58053B3F88833194668
:101B80001C4801F0E9FA44F63E62002119480DF0C4
:101B90002FF807F59473A3F592731B6808221A7047
:101BA0001DE04FF47A7004F0F9FE07F59473A3F585
:101BB0009273186800F022F807F59473A3F59273F6
:101BC0001B680A221A700AE0002202210A4805F066
:101BD000E7FC01E000BF02E000BF00E000BF07F546
:101BE0009477BD46B0BD00BF4154454D0000040888
:101BF000C4E90020440100200010024280B582B0F8
:101C000000AF78607B68002B01D1002315E07B6872
:101C10005B6C184600F078F8034683F00103DBB2F2
:101C2000002B04D07B6801229A70002305E07B68BA
:101C30005B6C184600F09AF8012318460837BD4639
:101C400080BD80B487B000AFF860B9601346FB80F8
:101C5000BB681B781A06BB6801331B781B041A4348
:101C6000BB6802331B781B021343BA680332127835
:101C70001A43FB68C3F80C24BB6806331B781B02AD
:101C80009BB2BA680732127813439AB2FB68A3F882
:101C9000102400237B610CE07B690833BA6813448D
:101CA0001978FA687B6913440A461A707B69013314
:101CB0007B61FB68B3F810341A467B699342EBD31F
:101CC000FB88043BBA6813441B781A06FB88033B65
:101CD000B9680B441B781B041A43FB88023BB968A4
:101CE0000B441B781B021343FA88013AB9680A4473
:101CF00012781A43FB68C3F8142400BF1C37BD4692
:101D00005DF8047B7047000080B485B000AF786058
:101D10007B681B68FB607B6804331B68BB60FB68E7
:101D2000B3F1005F03D3FB680F4A934201D900234C
:101D300013E0BA687B689A4205D37B6803F5001309
:101D4000BA689A4201D9002307E0BB6803F0010397
:101D5000002B01D1002300E0012318461437BD46B3
:101D60005DF8047B704700BF0000272080B586B077
:101D700000AF78607B681B683B617B6804331B683D
:101D8000FB6072B600BF1E4B00221A601C4B002283
:101D90005A601B4B00229A6004F022FD00237B61F5
:101DA00010E0184A7B6920334FF0FF3142F82310CE
:101DB000144A7B6960334FF0FF3142F823107B698E
:101DC00001337B617B690F2BEBD90F4A7B689360F2
:101DD000BFF34F8F00BFBFF36F8F00BF3B69BB6086
:101DE000BB6883F3088800BFBFF34F8F00BFBFF30A
:101DF0006F8F00BF62B600BFFB68984700BFFDE76A
:101E000010E000E000E100E000ED00E080B588B007
:101E100000AF78600023FB770023BB777B68002B43
:101E200001D100233AE01F4800F07CF80346002B64
:101E300001D00123BB7707F10C0319461A4800F0C3
:101E400037F80346002B08D0FB68184A934204D1A8
:101E50003B7E012B01D10123FB77BB7F83F0010384
:101E6000DBB2002B07D0FB7F83F00103DBB2002B3A
:101E700001D0002312E00B4800F070F80A4800F08F
:101E800041F87B68012283F840207B68002283F8B8
:101E900041207B680622C3F890240123184620378E
:101EA000BD4680BD64E40020C4E9002055AA55AABF
:101EB00080B582B000AF786039603B68002B01D1FB
:101EC000002318E03B681A4660217868FEF707FB9C
:101ED0000346002B01D000230DE03B681B68084A35
:101EE000934204D03B6800221A73002303E03B684E
:101EF00001221A73012318460837BD4680BD00BF72
:101F000055AA55AA80B582B000AF78604FF0FF3275
:101F100060217868FEF76CFA034618460837BD461C
:101F200080BD000080B584B000AF78607B68002B76
:101F300001D100230BE00A2178680AF003FAF86067
:101F4000FB68054A934201D1012300E000231846B3
:101F50001037BD4680BD00BFAA55AA5580B582B0D6
:101F600000AF78607B68002B05D000220A217868DA
:101F70000AF0D0F900E000BF0837BD4680BD000080
:101F800080B487B000AF786039604FF0FF337B6179
:101F900000233B6121E07A683B6913441B781A46B1
:101FA0007B6953407B610023FB7310E07B6903F086
:101FB0000103002B05D07B695A080E4B53407B610F
:101FC00002E07B695B087B61FB7B0133FB73FB7B7E
:101FD000072BEBD93B6901333B613A693B689A4275
:101FE000D9D37B69DB4318461C37BD465DF8047BBB
:101FF000704700BF2083B8ED80B586B000AFF860B1
:10200000B9607A60FB68002B02D0BB68002B01D15D
:1020100000230BE0B968F868FFF7B2FF78617A69CE
:102020007B689A4201D1012300E00023184618374B
:10203000BD4680BD80B586B000AFF860B9607A60FB
:10204000BB68002B0AD07B68002B07D0FB687B6144
:102050007A687969B8680CF0F7FD00E000BF1837BE
:10206000BD4680BD80B588B000AF78600023BB60FE
:102070007B6803F178435B0BFB6104F0D5FE022320
:10208000FB6002233B61FB697B610123BB6107F1BC
:10209000080207F10C031146184604F0C3FF03467B
:1020A000002B03D004F0E2FE002302E004F0DEFE89
:1020B000012318462037BD4680BD80B58CB000AFE7
:1020C000F860B9607A60FB68FB620023BB62FB6A60
:1020D00003F00F03002B01D0002337E004F0A4FE2F
:1020E0002DE007F114031022FF2118460CF080FDAB
:1020F0007A68BB6AD31A7B627B6A102B01D91023E2
:102100007B62BA68BB6AD11807F114037A6A184671
:102110000CF09AFD07F114031A46F96A012004F045
:1021200039FE0346002B03D004F0A0FE00230DE08F
:10213000FB6A1033FB62BA6A7B6A1344BB62BA6AF9
:102140007B689A42CDD304F091FE012318463037C4
:10215000BD4680BDB0B5A0B000AF7860012387F860
:102160007F307B68002B7ED007F14003184600F0DB
:10217000C1F807F14003184600F09CF80346002B15
:1021800003D0786800F046F970E03B6C394A93421E
:1021900002D0002387F87F307B6C002B03D07B6C50
:1021A000B3F1FF3F02D1002387F87F3007F10C0421
:1021B00007F140050FCD0FC40FCD0FC40FCD0FC4D5
:1021C0002B68236000237B6107F10C03043330216B
:1021D0001846FFF7D5FEB867BB6CBA6F9A4202D0BB
:1021E000002387F87F3097F87F30002B37D07B684B
:1021F0001D4607F140040FCC0FC50FCC0FC50FCC07
:102200000FC523682B607B681B7B184600F0A6F97E
:102210000346184600F05CF9034683F00103DBB285
:10222000002B22D07B685B7B184600F097F90346B1
:10223000184600F04DF90346002B0CD07B681B7B41
:1022400087F877307B685A7B7B681A737B6897F8CE
:1022500077205A7309E0786800F0DCF805E07868C8
:1022600000F0D8F802E000BF00E000BF8037BD46B4
:10227000B0BD00BF4154454DB0B590B000AF7860DF
:102280007B6807F10C041D460FCD0FC40FCD0FC4A2
:102290000FCD0FC42B68236000237B6107F10C0373
:1022A000043330211846FFF76BFE034618464037CB
:1022B000BD46B0BD80B485B000AF78607B68BB60C0
:1022C0000023FB600CE0FB689B00BA6813441B68AA
:1022D000B3F1FF3F01D0002306E0FB680133FB6050
:1022E000FB680C2BEFD9012318461437BD465DF867
:1022F000047B704780B584B000AF78607B68002BAA
:1023000001D100233FE0342279682148FFF792FE93
:102310007B681B681F4A934201D0002333E0786832
:10232000FFF7AAFFF8607B689B68FA689A4201D0C1
:10233000002328E07B681B7B012B05D07B681B7B7F
:10234000022B01D000231EE07B685B7B012B05D0B4
:102350007B685B7B022B01D0002314E07B681A7B37
:102360007B685B7B9A4201D100230CE07B689B7BFE
:10237000012B02DC002B04DA01E0032B01D0002347
:1023800001E000BF012318461037BD4680BD00BFE5
:1023900000003C084154454D80B582B000AF7860E4
:1023A0007B68002B01D100232BE07B681B68174A58
:1023B000934201D0002324E07B6800229A607B686E
:1023C000043330211846FFF7DBFD02467B689A6034
:1023D0000F48FFF747FE034683F00103DBB2002BF3
:1023E00001D000230DE0342279680948FFF765FE2B
:1023F000034683F00103DBB2002B01D0002300E091
:10240000012318460837BD4680BD00BF4154454DE5
:1024100000003C0880B584B000AF78603422002111
:1024200078680CF0E5FB012000F098F803461846A8
:1024300000F04EF80346FB73022000F08FF80346CD
:10244000184600F045F80346BB737B681E4A1A60C5
:102450007B6801225A60FB7B002B09D07B6801223C
:102460001A737B6802225A737B6800229A7316E003
:10247000BB7B002B09D07B6802221A737B68012288
:102480005A737B6800229A7309E07B6800221A73F2
:102490007B6800225A737B6803229A7310E07B6882
:1024A00000229A607868FFF7E7FE02467B689A6030
:1024B0000648FFF7D7FD342279680448FFF7FDFD91
:1024C0001037BD4680BD00BF4154454D00003C085B
:1024D00080B487B000AF78607B68B3F1006F03D33E
:1024E0007B68B3F1046F01D3002331E07B687B612B
:1024F0007B691B683B617B695B68FB603B69B3F18F
:10250000FF3F03D0FB68B3F1FF3F01D100231FE081
:102510003B69B3F1005F03D33B69B3F1015F01D3C2
:10252000002315E0FB6803F00103002B01D1002319
:102530000EE0FB6823F00103BB60BB68B3F1006FE2
:1025400003D3BB68B3F1046F01D3002300E0012380
:1025500018461C37BD465DF8047B704780B483B0D5
:1025600000AF0346FB71FB79012B02D0022B02D096
:1025700004E0064B03E04FF0026300E0002318463E
:102580000C37BD465DF8047B704700BF00000408AF
:1025900080B485B000AFF860B9607A60FB68002B4A
:1025A0000BD07B68002B08D07B68FA681A607B68C8
:1025B000BA685A607B6800221A7200BF1437BD46A1
:1025C0005DF8047B704780B485B000AFF860B960F7
:1025D0007A60FB68002B0BD07B68002B08D07B68EF
:1025E000FA681A607B68BA685A607B6800221A72BF
:1025F00000BF1437BD465DF8047B704780B485B0DA
:1026000000AFF860B9607A60FB68002B0BD07B6884
:10261000002B08D07B68FA681A607B68BA685A6039
:102620007B6800221A7200BF1437BD465DF8047B38
:10263000704780B582B000AF78607B68002B17D000
:102640007B681A687B685B681946104609F016FFBC
:102650007B68DA687B681B691946104609F00EFF33
:102660007B689A697B68DB691946104609F006FFAA
:1026700000BF0837BD4680BD80B483B000AF78602E
:102680007B68002B00F0CC807B685B68002B06D158
:102690007B681A7A7B681B681B685A6336E07B6824
:1026A0005B68042B07D17B68197A7B681B681A6802
:1026B0000B4693632AE07B685B68082B07D17B6835
:1026C000197A7B681B681A680B46D3631EE07B6827
:1026D0005B680C2B07D17B68197A7B681B681A68CA
:1026E0000B46136412E07B685B68102B07D17B6894
:1026F000197A7B681B681A680B46936406E07B684E
:10270000197A7B681B681A680B46D3647B681B695F
:10271000002B06D17B681A7D7B68DB681B685A63D7
:1027200036E07B681B69042B07D17B68197D7B68C9
:10273000DB681A680B4693632AE07B681B69082BE9
:1027400007D17B68197D7B68DB681A680B46D36309
:102750001EE07B681B690C2B07D17B68197D7B68A9
:10276000DB681A680B46136412E07B681B69102B48
:1027700007D17B68197D7B68DB681A680B46936418
:1027800006E07B68197D7B68DB681A680B46D364BA
:102790007B68DB69002B07D17B6893F820207B687E
:1027A0009B691B685A633BE07B68DB69042B08D19B
:1027B0007B6893F820107B689B691A680B469363CB
:1027C0002EE07B68DB69082B08D17B6893F820102A
:1027D0007B689B691A680B46D36321E07B68DB69E1
:1027E0000C2B08D17B6893F820107B689B691A68D2
:1027F0000B46136414E07B68DB69102B08D17B68FF
:1028000093F820107B689B691A680B46936407E075
:102810007B6893F820107B689B691A680B46D36429
:1028200000BF0C37BD465DF8047B704780B582B0B1
:1028300000AF7860204B03F5405393F8A53A092B7D
:1028400035D801A252F823F0712800087728000833
:102850007D28000883280008892800088F280008A0
:10286000952800089B280008A1280008A728000830
:1028700000F024F81CE000F047F819E000F076F8CA
:1028800016E000F0C3F813E000F0C8F910E000F023
:1028900001FA0DE000F036FA0AE000F063FA07E012
:1028A00000F0BAFA04E0786800F0F6FA00E000BF41
:1028B00000BF0837BD4680BD8C4F002080B400AFFC
:1028C000104B03F5405393F8A43A002B0DD10D4B58
:1028D00003F54053B3F8A23A002B06D1094B03F598
:1028E0004053002283F8A52A06E0064B03F5405327
:1028F000012283F8A52A00BF00BFBD465DF8047B16
:10290000704700BF8C4F002080B500AF164B03F519
:10291000005393F81A37AA2B1CD0134B03F500531E
:1029200093F81B37552B15D000F016FB0E4B03F513
:102930008043B3F8383E43F002039AB20A4B03F5E2
:102940008043A3F8382E084B03F54053002283F848
:10295000A52A06E0044B03F54053022283F8A52A7A
:1029600000BF00BF80BD00BF8C4F002080B500AF0E
:10297000254B03F5005393F81C37522B31D0224BD3
:1029800003F5005393F81C37572B2AD01E4B03F541
:10299000005393F81C37582B23D01B4B03F50053DF
:1029A00093F81C37602B1CD0174B03F5005393F89A
:1029B0001C37592B15D000F0CFFA134B03F5804389
:1029C000B3F8383E43F004039AB20F4B03F580434B
:1029D000A3F8382E0C4B03F54053002283F8A52AA8
:1029E00010E0094B03F5005393F81C27064B03F541
:1029F000405383F8A62A044B03F54053032283F87F
:102A0000A52A00BF00BF80BD8C4F002080B500AF5D
:102A1000804B03F5405393F8A63A523B0E2B00F23D
:102A2000F68001A252F823F0652A00080F2C000856
:102A30000F2C00080F2C00080F2C0008C52A0008D6
:102A4000252B0008252B00080F2C00080F2C000850
:102A50000F2C00080F2C00080F2C00080F2C00086A
:102A60008D2B00086B4B03F5005393F81D37103B7B
:102A7000142B10D8674B03F5005393F81D27654BB3
:102A800003F5405383F8A72A624B03F54053042211
:102A900083F8A52A15E000F05FFA5E4B03F580434A
:102AA000B3F8383E43F008039AB25A4B03F580431B
:102AB000A3F8382E574B03F54053002283F8A52A7C
:102AC00000BFA5E0534B03F5005393F81D37403B7F
:102AD000182B10D84F4B03F5005393F81D274D4B7F
:102AE00003F5405383F8A82A4A4B03F540530422C8
:102AF00083F8A52A15E000F02FFA464B03F5804332
:102B0000B3F8383E43F010039AB2424B03F58043CA
:102B1000A3F8382E3F4B03F54053002283F8A52A33
:102B200000BF75E03B4B03F5005393F81D37612B55
:102B300002DC602B03DA13E0633B042B10D8354B27
:102B400003F5005393F81D27324B03F5405383F8E8
:102B5000A92A304B03F54053042283F8A52A15E037
:102B600000F0FAF92B4B03F58043B3F8383E43F0FD
:102B700010039AB2274B03F58043A3F8382E254B58
:102B800003F54053002283F8A52A00BF214B03F52B
:102B9000005393F81D37103B122B8CBF01220022EB
:102BA000D2B2002A1CD11C4A22FA03F303F001031B
:102BB000002B14BF01230023DBB2002B10D0154BD8
:102BC00003F5005393F81D27124B03F5405383F888
:102BD000AA2A104B03F54053042283F8A52A15E0D6
:102BE00000F0BAF90B4B03F58043B3F8383E43F0DD
:102BF00010039AB2074B03F58043A3F8382E054B18
:102C000003F54053002283F8A52A00BF00E000BF6F
:102C100000BF80BD8C4F0020D703050080B500AFFA
:102C20001B4B03F5005393F81E37012B1CD0184B98
:102C300003F5005393F81E37022B15D000F08CF9E2
:102C4000134B03F58043B3F8383E43F020039AB2A8
:102C50000F4B03F58043A3F8382E0D4B03F540537B
:102C6000002283F8A52A10E0094B03F5005393F8DE
:102C70001E27074B03F5405383F8AB2A044B03F59B
:102C80004053052283F8A52A00BF00BF80BD00BFC6
:102C90008C4F002080B400AF194B03F5005393F81C
:102CA0001F37002B0DD1164B03F5005393F8203737
:102CB000002B06D1124B03F54053072283F8A52AB7
:102CC00019E00F4B03F5005393F81F371B029BB21B
:102CD0000B4A02F5005292F8202713439AB2084B90
:102CE00003F54053A3F8AC2A054B03F540530622E5
:102CF00083F8A52A00BF00BFBD465DF8047B70477E
:102D00008C4F002080B483B000AF0023FB8012E022
:102D1000FB880733FA8812490B4403F51C531A3316
:102D200019780F4B134403F56A532E330A461A7071
:102D3000FB880133FB800A4B03F54053B3F8AC3AF0
:102D4000FA889A42E4D3064B03F54053072283F8EE
:102D5000A52A00BF0C37BD465DF8047B704700BF55
:102D60008C4F002080B582B000AF0223FB8015E0BD
:102D7000284B03F5804393F8362EFB8825490B44F6
:102D800003F51C531A331B785340DAB2214B03F579
:102D9000804383F8362EFB880133FB801D4B03F5FF
:102DA0004053B3F8AC3A9A1DFB889A42E0DA194BCB
:102DB00003F54053B3F8AC3A0733164A134403F50E
:102DC0001C531A331A78134B03F5804393F8363E9D
:102DD0009A4215D000F0C0F80E4B03F58043B3F8CB
:102DE000383E43F080039AB20A4B03F58043A3F8C0
:102DF000382E084B03F54053002283F8A52A05E03E
:102E0000044B03F54053082283F8A52A00BF083776
:102E1000BD4680BD8C4F002080B500AF1D4B03F533
:102E20004053B3F8AC3A08331A4A134403F51C5321
:102E30001A331B78552B23D0164B03F54053B3F8A8
:102E4000AC3A0933134A134403F51C531A331B7865
:102E5000AA2B15D000F080F80E4B03F58043B3F891
:102E6000383E43F480739AB20A4B03F58043A3F8CB
:102E7000382E084B03F54053002283F8A52A06E0BC
:102E8000044B03F54053092283F8A52A00BF00BF75
:102E900080BD00BF8C4F002080B582B000AF78604D
:102EA0002C4B03F5405393F8A63A522B08D1294BEB
:102EB00003F54053002283F8A52A00F04DF844E0C2
:102EC000244B03F5405393F8A63A572B08D1214BD6
:102ED00003F54053002283F8A52A00F03DF834E0C2
:102EE0001C4B03F5405393F8A63A582B08D1194BC5
:102EF00003F54053002283F8A52A00F02DF824E0C2
:102F0000144B03F5405393F8A63A592B08D1114BB3
:102F100003F54053002283F8A52A00F01DF814E0C1
:102F20000C4B03F5405393F8A63A602B0DD144F6B1
:102F30003E62084978680BF087FE064B03F5405364
:102F4000002283F8A52A00F007F800BF0837BD4625
:102F500080BD00BF8C4F002080B500AF41F28832A9
:102F600000210B480BF044FE41F292320021094847
:102F70000BF03EFE084B03F54053002283F8A42AD1
:102F8000054B03F540530022A3F8A22A00BF80BDE1
:102F9000A6760020328A00208C4F002080B485B0B5
:102FA00000AF786039603B68012B02D84FF0FF33E7
:102FB0001BE00023FB6011E07A68FB6813441B7878
:102FC000AA2B08D1FB6801337A6813441B78552B70
:102FD00001D1FB6809E0FB680133FB603B68013B02
:102FE000FA689A42E8D34FF0FF3318461437BD46CB
:102FF0005DF8047B7047000080B584B000AF786056
:1030000039603B681B68FB607B68002B00F0958093
:103010003B68002B00F091804A4B1B680133494A02
:103020001360FB689AB2474B5A81464B1B899BB28F
:103030001033444A13440133FA68796818460BF098
:1030400003FE404B5B899AB23E4B1B899BB21344F3
:103050009AB23C4B1A813B4B1B7BDBB2002B19D144
:10306000F9683948FFF79AFF0346B3F1FF3F11D0E3
:10307000344B01221A73334B9B7DDBB21BB21B0214
:103080001AB2304BDB7DDBB21BB213431BB29AB2D8
:103090002E4B1A802D4B1B880A332A4A128992B272
:1030A00093420CD1274B1B899BB21A46254B5A6081
:1030B000244B00221A73234B01225A7316E0234B30
:1030C0001B880A331F4A128992B293420EDA1D4BB3
:1030D00000225A731B4B00221A601A4B00221A81DD
:1030E000184B00221A73174B00225A81154B5B7B39
:1030F000DBB2002B22D0134B5B681A4612491448EE
:103100000BF0A2FD0F4B5B689AB2124B03F54053D4
:10311000A3F8A22A0F4B03F54053012283F8A42AF7
:10312000084B00225A73074B00221A60054B0022FD
:103130001A81044B00221A7300E000BF1037BD460D
:1031400080BD00BFCC9D0020DD9D0020E0A50020BB
:10315000A67600208C4F002080B584B000AF786048
:103160000B467B807B881946786802F08FF903460E
:10317000FB73FB7B18461037BD4680BD90B585B00C
:1031800000AF0446084611461A462346FB71034623
:10319000BB710B467B7113467B800023FB81FB894F
:1031A0005A1CFA811A46364BAA219954FB895A1C9B
:1031B000FA811A46324B55219954FB895A1CFA81DF
:1031C00019462F4AFB795354FB895A1CFA81194638
:1031D0002B4ABB795354FB895A1CFA811946284A59
:1031E0007B7953547B881B0A99B2FB895A1CFA815C
:1031F0001A46C9B2224B9954FB895A1CFA811A46C5
:103200007B88D9B21E4B99543B6A002B0ED07B8829
:10321000002B0BD0FB891A4A13447A88396A184666
:103220000BF012FDFA897B881344FB817B88053300
:103230009BB21946134800F027F803467B73FB89BD
:103240005A1CFA8119460E4A7B7B5354FB895A1C3F
:10325000FA811A460A4B55219954FB895A1CFA8166
:103260001A46074BAA219954054B03F580531A4679
:10327000FB89A2F88833024B18461437BD4690BD2F
:10328000E4A50020E6A5002080B485B000AF7860FA
:103290000B467B800023FB730023BB8109E0BB89C5
:1032A0007A6813441A78FB7B5340FB73BB89013364
:1032B000BB81BA897B889A42F1D3FB7B18461437CD
:1032C000BD465DF8047B704780B584B000AF786080
:1032D0000B46FB704FF4077002F000FDF860FB68CE
:1032E000002B09D17B68D3F8D4227B68B03200214F
:1032F00043F822100223D4E04FF407720021F8684B
:103300000BF076FC7B68D3F8D4227B68B032F96886
:1033100043F822107B68D3F8D4227B68B03253F88C
:1033200022207B68C3F8BC227B681B7C002B38D131
:103330005E4B19784FF400730222786802F05DFB4F
:103340005A4B1B7803F00F02796813469B00134415
:103350009B000B44243301221A80554B19784FF4FB
:1033600000730222786802F048FB514B1B7803F08F
:103370000F02796813469B0013449B000B4403F52E
:10338000B27301221A804B4B1B7803F00F0279684D
:1033900013469B0013449B000B44263310221A80D3
:1033A00035E0424B197840230222786802F025FB71
:1033B0003E4B1B7803F00F02796813469B001344C1
:1033C0009B000B44243301221A80394B1978402387
:1033D0000222786802F011FB354B1B7803F00F02D4
:1033E000796813469B0013449B000B4403F5B273AA
:1033F00001221A802F4B1B7803F00F0279681346C5
:103400009B0013449B000B44263310221A80294B47
:10341000197808230322786802F0EFFA254B1B780D
:1034200003F00F02796813469B0013449B000B4482
:10343000243301221A80FB680022C3F804227B682F
:10344000D3F8D4327A68B0339B0013445B681B68AE
:103450009847FB680022C3F81422FB680022C3F8D7
:103460001822FB68D3F80432002B01D1022318E0A4
:103470007B681B7C002B0AD10D4B1978FB68D3F8B5
:1034800004224FF40073786802F0A6FB08E0084BB2
:103490001978FB68D3F804224023786802F09CFB7B
:1034A000002318461037BD4680BD00BF87000020AE
:1034B000880000208900002080B582B000AF7860CD
:1034C0000B46FB703A4B1B781946786802F0BBFA42
:1034D000374B1B7803F00F02796813469B001344A7
:1034E0009B000B44243300221A80324B1B78194670
:1034F000786802F0A8FA2F4B1B7803F00F02796866
:1035000013469B0013449B000B4403F5B273002247
:103510001A80294B1B781946786802F094FA264BDA
:103520001B7803F00F02796813469B0013449B003D
:103530000B44243300221A801F4B1B7803F00F0228
:10354000796813469B0013449B000B4426330022EA
:103550001A807B68D3F8D4227B68B03253F82230CB
:10356000002B1FD07B68D3F8D4327A68B0339B002D
:1035700013445B685B6898477B68D3F8D4227B6808
:10358000B03253F82230184602F0B6FB7B68D3F80D
:10359000D4227B68B032002143F822107B680022DD
:1035A000C3F8BC22002318460837BD4680BD00BFC3
:1035B00087000020880000208900002080B586B0A8
:1035C00000AF786039607B68D3F8D4227B68B03272
:1035D00053F822303B6100237B7300237B8100235F
:1035E000FB753B69002B01D10323BFE03B681B78CF
:1035F00003F06003002B50D0202B40F0AF803B68DD
:10360000DB88002B3AD03B681B785BB2002B1BDABF
:103610007B68D3F8D4327A68B0339B0013445B687C
:103620009B683A68507839693A68D28898473B680D
:10363000DB88072B28BF0723FB813B69FA891946E2
:10364000786801F0E1FD90E03B685A783B6983F8C7
:1036500000223B68DB883F2B03D83B68DB88DAB26B
:1036600000E040223B6983F8012239693B6993F805
:1036700001321A46786801F0F3FD76E07B68D3F8F2
:10368000D4327A68B0339B0013445B689B683A6815
:10369000507800223968984767E03B685B780B2BCD
:1036A00051D801A252F823F0D93600085537000846
:1036B00047370008473700084737000847370008F2
:1036C00047370008473700084737000847370008E2
:1036D000033700082D3700087B6893F89C32DBB273
:1036E000032B07D107F10A0302221946786801F07B
:1036F0008BFD32E03968786801F009FD0323FB7522
:103700002BE07B6893F89C32DBB2032B07D107F1E7
:103710000D0301221946786801F076FD1DE0396835
:10372000786801F0F4FC0323FB7516E07B6893F8DE
:103730009C32DBB2032B0FD03968786801F0E7FCCC
:103740000323FB7508E03968786801F0E0FC032387
:10375000FB7502E000BF08E000BF06E0396878684A
:1037600001F0D5FC0323FB7500BFFB7D184618371D
:10377000BD4680BD80B584B000AF78600B46FB705D
:103780007B68D3F8C832FB607B68D3F8D4227B68AF
:10379000B03253F82230002B01D1032365E07B685F
:1037A000D3F8D4227B68B03253F82230BB60FB7868
:1037B00003F00F02796813469B0013449B000B44EF
:1037C00018331B68002B2FD0FB7803F00F027968A9
:1037D00013469B0013449B000B4418331A68FB7874
:1037E00003F00F01F8680B46DB000B449B00034419
:1037F0001C331B68B2FBF3F101FB03F3D31A002B5C
:1038000012D1FB7803F00F02796813469B00134432
:103810009B000B44183300221A60F9780023002221
:10382000786802F0B8F91FE0BB680022C3F81422E0
:103830007B68D3F8D4327A68B0339B0013445B685A
:103840001B69002B10D07B68D3F8D4327A68B03370
:103850009B0013445B681B69BA68D2F80802BA6817
:1038600002F50471FA789847002318461037BD46D0
:1038700080BD80B584B000AF78600B46FB707B687C
:10388000D3F8D4227B68B03253F82230FB607B68D7
:10389000D3F8D4227B68B03253F82230002B01D108
:1038A00003231AE0FB781946786802F0B6F902465D
:1038B000FB68C3F80C227B68D3F8D4327A68B03343
:1038C0009B0013445B68DB68FA68D2F80402FA686C
:1038D00002F5037211469847002318461037BD467B
:1038E00080BD80B584B000AF78607B68D3F8D42207
:1038F0007B68B03253F82230FB60FB68002B01D1AB
:10390000032324E07B68D3F8D4327A68B0339B0079
:1039100013445B68002B19D0FB6893F80032FF2B2F
:1039200014D07B68D3F8D4327A68B0339B00134448
:103930005B689B68FA6892F80002F968FA6892F886
:1039400001229847FB68FF2283F8002200231846D3
:103950001037BD4680BD000080B586B000AF7860EE
:103960008221184800F072FD78610121154800F0AD
:103970006DFD38618121134800F068FDF8607B69B6
:10398000002B02D07B6910229A713B69002B06D074
:103990003B69002242F040021A7100225A71FB6812
:1039A000002B06D0FB68002242F040021A71002270
:1039B0005A717B6843221A80024B18461837BD465D
:1039C00080BD00BF4400002080B586B000AF7860A5
:1039D0008221184800F03AFD78610121154800F075
:1039E00035FD38618121134800F030FDF8607B69B6
:1039F000002B02D07B6910229A713B69002B06D004
:103A00003B6900221A71002242F002025A71FB68DF
:103A1000002B06D0FB6800221A71002242F002023D
:103A20005A717B6843221A80024B18461837BD46EC
:103A300080BD00BF4400002080B586B000AF786034
:103A40008221184800F002FD78610121154800F03C
:103A5000FDFC38618121134800F0F8FCF8607B69B7
:103A6000002B02D07B6910229A713B69002B06D093
:103A70003B69002242F040021A7100225A71FB6831
:103A8000002B06D0FB68002242F040021A7100228F
:103A90005A717B6843221A80024B18461837BD467C
:103AA00080BD00BF4400002080B483B000AF7860C8
:103AB0007B680A221A80034B18460C37BD465DF816
:103AC000047B70470000002080B483B000AF7860B2
:103AD00039603B68002B01D1032309E07B68D3F8F0
:103AE000D4327A68B0339B0013443A685A6000239A
:103AF00018460C37BD465DF8047B704780B487B02C
:103B000000AFF860B9607A60FB68D3F8D422FB6834
:103B1000B03253F822307B617B69002B01D1032343
:103B200008E07B69BA68C3F808227B697A68C3F841
:103B30001022002318461C37BD465DF8047B7047F1
:103B400080B485B000AF786039607B68D3F8D42248
:103B50007B68B03253F82230FB60FB68002B01D148
:103B6000032304E0FB683A68C3F8042200231846E4
:103B70001437BD465DF8047B7047000080B584B003
:103B800000AF78607B68D3F8D4227B68B03253F8FA
:103B90002230BB600123FB73BB68002B01D10323E0
:103BA00025E0BB68D3F81432002B1FD1BB6801227B
:103BB000C3F81422104B1B7803F00F02BB68D3F834
:103BC0001012786813469B0013449B00034418337B
:103BD0001960094B1978BB68D3F80822BB68D3F881
:103BE0001032786801F0D7FF0023FB73FB7B184687
:103BF0001037BD4680BD00BF8700002080B584B06F
:103C000000AF78607B68D3F8D4227B68B03253F879
:103C10002230FB607B68D3F8D4227B68B03253F843
:103C20002230002B01D1032318E07B681B7C002B82
:103C30000AD10C4B1978FB68D3F804224FF40073B7
:103C4000786801F0C9FF08E0064B1978FB68D3F8E3
:103C500004224023786801F0BFFF00231846103784
:103C6000BD4680BD8800002080B586B000AFF860FA
:103C7000B9601346FB71FB68002B01D103231FE0E1
:103C8000FB680022C3F8B822FB680022C3F8C422F4
:103C9000FB680022C3F8D022BB68002B03D0FB686E
:103CA000BA68C3F8B422FB68012283F89C22FB683F
:103CB000FA791A70F86801F033FE0346FB75FB7D54
:103CC00018461837BD4680BD80B584B000AF786017
:103CD00039600023FB813B68002B01D1032325E0E1
:103CE0007B683A68C3F8B8227B68D3F8D4227B6833
:103CF000AE3253F82230DB6A002B0FD07B68D3F84A
:103D0000D4227B68AE3253F82230DB6A07F10E0210
:103D10001046984702467B68C3F8D0227B68D3F8E8
:103D2000D8325A1C7B68C3F8D822002318461037B3
:103D3000BD4680BD80B584B000AF78600023FB60D5
:103D400019E07B68FA68AE3253F822301B68002B0A
:103D50000ED0FA687B68C3F8D4227B68FA68AE326A
:103D600053F822301B68FA68D2B211467868984737
:103D7000FB680133FB607B68D3F8D822FB689A426A
:103D8000DFD8786801F01EFE034618461037BD469E
:103D900080BD80B483B000AF7860002318460C3734
:103DA000BD465DF8047B704780B584B000AF786095
:103DB0000B46FB700023FB737B68D3F8B832002BF3
:103DC00009D07B68D3F8B8321B68FA781146786856
:103DD00098470346FB73FB7B18461037BD4680BDF2
:103DE00080B584B000AF78600B46FB700023FB7396
:103DF0007B68D3F8B8325B68FA78114678689847E0
:103E00000346002B01D00323FB73FB7B18461037BE
:103E1000BD4680BD80B584B000AF786039607B68F6
:103E200003F2AA233968184601F037F97B680122AA
:103E3000C3F894227B68B3F8B0321A467B68C3F8A3
:103E400098227B6893F8AA3203F01F03022B1AD042
:103E5000022B22D8002B02D0012B0AD01DE07B6858
:103E600003F2AA231946786800F064FB0346FB734B
:103E700020E07B6803F2AA231946786800F0CCFBA7
:103E80000346FB7316E07B6803F2AA2319467868A1
:103E900000F02EFC0346FB730CE07B6893F8AA321B
:103EA00023F07F03DBB21946786801F0EBFD03468F
:103EB000FB7300BFFB7B18461037BD4680BD80B545
:103EC00086B000AFF8600B467A60FB720023FB758A
:103ED000FB7A002B6ED1FB6803F5AA733B61FB688C
:103EE000D3F89432032B40F098803B699A683B6981
:103EF000DB689A4213D93B699A683B69DB68D21A3E
:103F00003B699A603B69DA683B699B68934228BFCA
:103F100013461A467968F86801F0BFF97DE0FB683E
:103F200093F8AA3203F01F03022B14D0022B1DD8E2
:103F3000002B02D0012B03D018E00023BB7518E042
:103F4000FB68B3F8AE32DBB21946F86800F064FAE9
:103F50000346BB750DE0FB68B3F8AE32DBB2194621
:103F6000F86800F066FA0346BB7502E00023BB75F3
:103F700000BFBB7D002B19D1FB6893F89C32DBB2EC
:103F8000032B13D1BA7DFB68AE3253F822301B6984
:103F9000002B0BD0BA7DFB68C3F8D422BA7DFB6836
:103FA000AE3253F822301B69F8689847F86801F080
:103FB00085F932E0FB7A03F07F03DBB21946F8683B
:103FC00000F037FA0346BB75BB7DFF2B25D0BB7DC8
:103FD000002B22D1FB6893F89C32DBB2032B17D164
:103FE000BA7DFB68AE3253F822309B69002B0FD0AC
:103FF000BA7DFB68C3F8D422BA7DFB68AE3253F8B1
:1040000022309B69FA7A1146F86898470346FB7597
:10401000FB7D002B01D0FB7D00E000231846183704
:10402000BD4680BD80B586B000AFF8600B467A60B3
:10403000FB72FB7A002B6FD1FB6814333B61FB688A
:10404000D3F89432022B5AD13B699A683B69DB68FA
:104050009A4214D93B699A683B69DB68D21A3B697A
:104060009A603B699B681A467968F86801F0E7F83E
:10407000002300220021F86801F0AEFD3FE03B691B
:10408000DA683B699B689A421CD13B695A683B6974
:10409000DB689A4216D33B695A68FB68D3F89832BA
:1040A0009A420FD200220021F86801F0C8F8FB689C
:1040B0000022C3F89822002300220021F86801F0B2
:1040C0008BFD1CE0FB6893F89C32DBB2032B0FD115
:1040D000FB68D3F8B832DB68002B09D0FB680022FC
:1040E000C3F8D422FB68D3F8B832DB68F868984785
:1040F0008021F86801F0C6FCF86801F0F2F8FB686E
:1041000093F8A032002B3AD0F868FFF742FEFB6824
:10411000002283F8A02232E0FB7A63F07F03DBB257
:104120001946F86800F085F90346FB75FB7DFF2B07
:1041300025D0FB7D002B22D1FB6893F89C32DBB2AB
:10414000032B1CD1FA7DFB68AE3253F822305B6939
:10415000002B14D0FA7DFB68C3F8D422FA7DFB68EB
:10416000AE3253F822305B69FA7A1146F868984704
:104170000346BB75BB7D002B01D0BB7D00E0002357
:1041800018461837BD4680BD80B584B000AF786052
:104190000023FB737B68012283F89C227B6800224A
:1041A000C3F894227B6800225A607B680022C3F81F
:1041B000A4227B68002283F8A0227B68D3F8B8325F
:1041C000002B14D07B68D3F8B8325B68002B0ED07C
:1041D0007B68D3F8B8325B687A685268D2B211460D
:1041E000786898470346002B01D00323FB734023D4
:1041F00000220021786801F000FC7B680122A3F80E
:1042000064217B684022C3F8602140230022802182
:10421000786801F0F2FB7B6801229A847B68402277
:104220001A62FB7B18461037BD4680BD80B483B050
:1042300000AF78600B46FB707B68FA781A74002335
:1042400018460C37BD465DF8047B704780B483B0D8
:1042500000AF78607B6893F89C32DBB2042B06D009
:104260007B6893F89C32DAB27B6883F89D227B6886
:10427000042283F89C22002318460C37BD465DF8C3
:10428000047B704780B483B000AF78607B6893F89C
:104290009C32DBB2042B06D17B6893F89D32DAB2F4
:1042A0007B6883F89C22002318460C37BD465DF8D6
:1042B000047B704780B582B000AF78607B6893F86C
:1042C0009C32DBB2032B10D17B68D3F8B832002BC1
:1042D0000BD07B68D3F8B832DB69002B05D07B6844
:1042E000D3F8B832DB697868984700231846083756
:1042F000BD4680BD80B582B000AF78600B46FB70D4
:104300007B68D3F8D4227B68AE3253F82230002B7E
:1043100001D103231CE07B6893F89C32DBB2032BB2
:1043200015D17B68D3F8D4227B68AE3253F82230A3
:104330001B6A002B0BD07B68D3F8D4227B68AE328B
:1043400053F822301B6AFA781146786898470023A0
:1043500018460837BD4680BD80B582B000AF786092
:104360000B46FB707B68D3F8D4227B68AE3253F8DF
:104370002230002B01D103231CE07B6893F89C3290
:10438000DBB2032B15D17B68D3F8D4227B68AE3225
:1043900053F822305B6A002B0BD07B68D3F8D42211
:1043A0007B68AE3253F822305B6AFA78114678683F
:1043B0009847002318460837BD4680BD80B483B0B7
:1043C00000AF7860002318460C37BD465DF8047BCB
:1043D000704780B584B000AF78600023FB737B68C2
:1043E000012283F89C227B68D3F8B832002B0ED0D0
:1043F0007B68D3F8B8325B687A685268D2B21146EB
:10440000786898470346002B01D00323FB73FB7B9E
:1044100018461037BD4680BD80B483B000AF7860C9
:104420000B46FB70002318460C37BD465DF8047B35
:10443000704780B483B000AF78600B46FB700023F8
:1044400018460C37BD465DF8047B704780B586B0D2
:1044500000AF78600B46FB707B687B617B68FB601C
:1044600000233B61FB685B889BB2FA681278934239
:104470001FD9FB681B787B8113E007F10A031946FB
:10448000786900F01BF878617B695B78052B08D1AF
:104490007B693B613B699B78FA789A4208D000239C
:1044A0003B61FB685B889AB27B899A42E5D800E061
:1044B00000BF3B6918461837BD4680BD80B485B043
:1044C00000AF786039607B68FB603B681B88FA68E6
:1044D000127813449AB23B681A80FB681B781A461C
:1044E0007B681344FB60FB6818461437BD465DF8D3
:1044F000047B704780B487B000AF78607B687B61D5
:104500007B691B787B827B6901337B617B691B78CC
:104510003B82B7F910301B021AB2B7F912301343BD
:104520001BB2FB81FB8918461C37BD465DF8047B36
:104530007047000080B584B000AF78603960002318
:10454000FB733B681B7803F06003402B05D0402BC6
:1045500057D8002B0FD0202B53D17B68D3F8D4220F
:104560007B68AE3253F822309B6839687868984788
:104570000346FB734AE03B685B78092B3BD801A2FA
:1045800052F823F0D9450008ED450008F74500082A
:10459000E3450008F7450008B7450008AD450008A9
:1045A000F7450008CF450008C1450008396878681C
:1045B00000F03CFA24E03968786800F0CBFB1FE09B
:1045C0003968786800F00AFC0346FB7318E0396824
:1045D000786800F0ADFC13E03968786800F0DEFC24
:1045E0000EE03968786800F00DFD09E039687868F8
:1045F00000F031FD04E03968786800F088FD00BF04
:1046000004E03968786800F082FD00BFFB7B184643
:104610001037BD4680BD00BF80B584B000AF786064
:1046200039600023FB733B681B7803F06003402B69
:1046300005D0402B52D8002B01D0202B4ED17B68C7
:1046400093F89C32DBB2013B022B40D83B689B883D
:10465000DBB2012B36D83B689B88DBB21946786801
:10466000FFF7DAFE0346BB73BB7BFF2B1DD0BB7B82
:10467000002B1AD1BA7B7B68AE3253F822309B688C
:10468000002B0FD0BA7B7B68C3F8D422BA7B7B683F
:10469000AE3253F822309B683968786898470346F1
:1046A000FB7304E00323FB7301E00323FB733B680C
:1046B000DB88002B10D1FB7B002B0DD1786800F03C
:1046C000FDFD09E03968786800F021FD04E03968F3
:1046D000786800F01CFD00E000BF04E039687868ED
:1046E00000F015FD00BFFB7B18461037BD4680BDAE
:1046F00080B584B000AF786039600023FB733B68FD
:104700009B88BB733B681B7803F06003402B07D08A
:10471000402B00F27F81002B2AD0202B40F07A81A1
:10472000BB7B19467868FFF784FE03467B737B7B6F
:10473000FF2B00F074817B7B002B40F070817A7B33
:104740007B68C3F8D4227A7B7B68AE3253F8223080
:104750009B68002B00F063817A7B7B68AE3253F854
:1047600022309B683968786898470346FB7356E1A6
:104770003B685B78032B08D0032B00F34581002BAB
:1047800000F09B80012B3CD03EE17B6893F89C328B
:10479000DBB2022B02D0032B16D02CE0BB7B002B0C
:1047A0000DD0BB7B802B0AD0BB7B1946786801F00B
:1047B00069F98021786801F065F900BF20E0396867
:1047C000786800F0A4FC1BE03B685B88002B0ED1EE
:1047D000BB7B002B0BD0BB7B802B08D03B68DB88DE
:1047E000002B04D1BB7B1946786801F04BF978683F
:1047F00000F064FD04E03968786800F088FC00BFD0
:1048000007E17B6893F89C32DBB2022B02D0032BCA
:1048100016D04BE0BB7B002B0DD0BB7B802B0AD08E
:10482000BB7B1946786801F02DF98021786801F08A
:1048300029F900BF40E03968786800F068FC3BE087
:104840003B685B88002B36D1BB7B03F07F03002BDA
:1048500004D0BB7B1946786801F033F9786800F022
:104860002DFDBB7B19467868FFF7E3FD03467B739C
:104870007B7BFF2B1FD07B7B002B1CD17A7B7B6843
:10488000C3F8D4227A7B7B68AE3253F822309B681F
:10489000002B10D07A7B7B68AE3253F822309B68B5
:1048A0003968786898470346FB7304E0396878688C
:1048B00000F02DFC00E000BFABE07B6893F89C3279
:1048C000DBB2022B02D0032B32D097E0BB7B002B54
:1048D00007D0BB7B802B04D03968786800F017FCC8
:1048E00091E097F90E30002B0BDABB7B03F07F02CF
:1048F00013469B0013449B0010337A68134404331F
:104900000BE0BB7B03F07F0213469B0013449B002C
:1049100003F5A8737A6813440433BB60BB680022B4
:104920001A60BB6802221946786800F06DFC6AE0E4
:1049300097F90E30002B11DABB7B03F00F02796878
:1049400013469B0013449B000B4424331B88002B0D
:1049500017D13968786800F0DAFB54E0BB7B03F0CC
:104960000F02796813469B0013449B000B4403F528
:10497000B2731B88002B04D13968786800F0C7FB3C
:1049800041E097F90E30002B0BDABB7B03F07F027E
:1049900013469B0013449B0010337A68134404337E
:1049A0000BE0BB7B03F07F0213469B0013449B008C
:1049B00003F5A8737A6813440433BB60BB7B002BF8
:1049C00002D0BB7B802B03D1BB6800221A600EE0B3
:1049D000BB7B1946786801F093F80346002B03D09F
:1049E000BB6801221A6002E0BB6800221A60BB6843
:1049F00002221946786800F007FC04E039687868FC
:104A000000F085FB00BF04E03968786800F07FFBA8
:104A100000BF05E03968786800F079FB00E000BF6E
:104A2000FB7B18461037BD4680BD000080B584B0C2
:104A300000AF7860396000233B810023FB600023D6
:104A4000FB723B685B881B0A9BB2013B0E2B00F29A
:104A5000528101A252F823F0C94A0008E14A000835
:104A6000214B0008F74C0008F74C0008974C000851
:104A7000C34C0008F74C0008F74C0008F74C00083E
:104A8000F74C0008F74C0008F74C0008F74C0008FA
:104A9000954A00087B68D3F8B432DB69002B0BD051
:104AA0007B68D3F8B432DB697A68127C07F10801BD
:104AB00010469847F86026E13968786800F027FBCF
:104AC000FB7A0133FB721EE17B68D3F8B4321B68BA
:104AD0007A68127C07F1080110469847F86012E1E5
:104AE0007B681B7C002B0DD17B68D3F8B8329B6AA6
:104AF00007F1080210469847F860FB68013302226C
:104B00001A7000E17B68D3F8B832DB6A07F108025B
:104B100010469847F860FB68013302221A70F2E0F1
:104B20003B685B88DBB2052B00F2AC8001A252F837
:104B300023F000BF4D4B0008814B0008B54B000827
:104B4000E94B00081D4C0008514C00087B68D3F865
:104B5000B4325B68002B0BD07B68D3F8B4325B684F
:104B60007A68127C07F1080110469847F86091E0D6
:104B70003968786800F0CBFAFB7A0133FB7289E080
:104B80007B68D3F8B4329B68002B0BD07B68D3F8DA
:104B9000B4329B687A68127C07F108011046984786
:104BA000F86077E03968786800F0B1FAFB7A013391
:104BB000FB726FE07B68D3F8B432DB68002B0BD05C
:104BC0007B68D3F8B432DB687A68127C07F108019D
:104BD00010469847F8605DE03968786800F097FA09
:104BE000FB7A0133FB7255E07B68D3F8B4321B6962
:104BF000002B0BD07B68D3F8B4321B697A68127C27
:104C000007F1080110469847F86043E03968786872
:104C100000F07DFAFB7A0133FB723BE07B68D3F84E
:104C2000B4325B69002B0BD07B68D3F8B4325B697C
:104C30007A68127C07F1080110469847F86029E06D
:104C40003968786800F063FAFB7A0133FB7221E07F
:104C50007B68D3F8B4329B69002B0BD07B68D3F808
:104C6000B4329B697A68127C07F1080110469847B4
:104C7000F8600FE03968786800F049FAFB7A013390
:104C8000FB7207E03968786800F041FAFB7A01337B
:104C9000FB7200BF37E07B681B7C002B09D17B686F
:104CA000D3F8B8325B6B07F1080210469847F860FA
:104CB00029E03968786800F02AFAFB7A0133FB7240
:104CC00021E07B681B7C002B0DD17B68D3F8B832C8
:104CD0001B6B07F1080210469847F860FB68013328
:104CE00007221A700FE03968786800F010FAFB7A32
:104CF0000133FB7207E03968786800F008FAFB7A44
:104D00000133FB7200BFFB7A002B1ED13B68DB88AE
:104D1000002B16D03B89002B0ED03B68DA883B89EC
:104D2000934228BF13469BB23B813B891A46F968E0
:104D3000786800F069FA09E03968786800F0E7F906
:104D400004E0786800F0BAFA00E000BF1037BD4612
:104D500080BD00BF80B584B000AF786039603B682B
:104D60009B88002B31D13B68DB88002B2DD13B6821
:104D70005B887F2B29D83B685B88DBB203F07F031D
:104D8000FB737B6893F89C32DBB2032B04D1396848
:104D9000786800F0BCF91DE07B68FA7B83F89E22FE
:104DA000FB7B1946786800F0D7FE786800F086FA39
:104DB000FB7B002B04D07B68022283F89C2209E055
:104DC0007B68012283F89C2204E03968786800F04F
:104DD0009EF900BF00BF1037BD4680BD80B584B0CE
:104DE00000AF786039600023FB733B685B88DAB200
:104DF0004E4B1A704D4B1B78012B05D939687868DA
:104E000000F085F903238CE07B6893F89C32DBB2D9
:104E1000022B02D0032B29D075E0444B1B78002BCA
:104E200020D0424B1B781A467B685A603F4B1B7858
:104E300019467868FEF7B8FF0346FB73FB7B002B2F
:104E400008D03968786800F062F97B68022283F83C
:104E50009C2265E0786800F031FA7B68032283F8D1
:104E60009C225DE0786800F029FA59E02F4B1B780E
:104E7000002B12D17B68022283F89C222B4B1B78DB
:104E80001A467B685A60294B1B7819467868FEF7EA
:104E9000A7FF786800F012FA42E0244B1B781A460C
:104EA0007B685B689A422AD07B685B68DBB21946F4
:104EB0007868FEF795FF1D4B1B781A467B685A6091
:104EC0001A4B1B7819467868FEF76EFF0346FB7392
:104ED000FB7B002B0FD03968786800F018F97B68ED
:104EE0005B68DBB219467868FEF77AFF7B680222BE
:104EF00083F89C2214E0786800F0E0F910E078680C
:104F000000F0DCF90CE03968786800F000F9074B34
:104F10001B7819467868FEF763FF0323FB7300BF15
:104F2000FB7B18461037BD4680BD00BFFECC00207D
:104F300080B582B000AF786039603B68DB88012BB8
:104F400004D03968786800F0E2F823E07B6893F8D1
:104F50009C32DBB2022B02DC002B03DC15E0032BBE
:104F60000BD012E07B6800229A607B680833012234
:104F70001946786800F048F90CE07B680433012298
:104F80001946786800F040F904E03968786800F064
:104F9000BEF800BF00BF0837BD4680BD80B582B0F7
:104FA00000AF786039607B6893F89C32DBB2013BDC
:104FB000022B1ED83B68DB88022B04D03968786846
:104FC00000F0A5F81AE07B680122DA607B68D3F86C
:104FD000A432002B05D07B68DB6843F002027B68BB
:104FE000DA607B680C3302221946786800F00CF90D
:104FF00004E03968786800F08AF800BF00BF08371D
:10500000BD4680BD80B582B000AF786039603B6836
:105010005B88012B07D17B680122C3F8A422786842
:1050200000F04CF913E03B685B88022B0BD13B6826
:105030009B881B0A9BB2DAB27B6883F8A02278684F
:1050400000F03CF903E03968786800F060F800BFD0
:105050000837BD4680BD80B582B000AF786039604A
:105060007B6893F89C32DBB2013B022B0BD83B6888
:105070005B88012B0CD17B680022C3F8A4227868DE
:1050800000F01CF904E03968786800F040F800E0AE
:1050900000BF00BF0837BD4680BD80B584B000AFFB
:1050A000786039603B68FB60FB681A787B681A702F
:1050B000FB680133FB60FB681A787B685A70FB68F9
:1050C0000133FB60F868FFF715FA03461A467B6860
:1050D0005A80FB680133FB60FB680133FB60F868B2
:1050E000FFF708FA03461A467B689A80FB6801338B
:1050F000FB60FB680133FB60F868FFF7FBF90346D0
:105100001A467B68DA8000BF1037BD4680BD80B587
:1051100082B000AF786039608021786800F0B2FC1E
:105120000021786800F0AEFC00BF0837BD4680BDA6
:1051300080B586B000AFF860B9607A600023FB7577
:10514000FB68002B42D0FB683B61386900F042F8F5
:10515000034601335B00B3F5007F08D8386900F0DF
:1051600039F8034601339BB25B009AB201E04FF479
:1051700000727B681A80FB7DBA6813447A681278E3
:105180001A70FB7D0133FB75FB7DBA681344032263
:105190001A70FB7D0133FB7513E0FB7DBA68134485
:1051A0003A6912781A703B6901333B61FB7D013328
:1051B000FB75FB7DBA68134400221A70FB7D013336
:1051C000FB753B691B78002BE7D100E000BF183767
:1051D000BD4680BD80B485B000AF78600023FB730E
:1051E0007B68BB6005E0FB7B0133FB73BB6801336D
:1051F000BB60BB681B78002BF5D1FB7B18461437CE
:10520000BD465DF8047B704780B584B000AFF860A0
:10521000B9607A60FB680222C3F89422FB687A685E
:105220009A61FB687A68DA617B68BA680021F8687D
:1052300000F0B1FC002318461037BD4680BD80B594
:1052400084B000AFF860B9607A607B68BA6800210A
:10525000F86800F0A0FC002318461037BD4680BD5A
:1052600080B584B000AFF860B9607A60FB68032253
:10527000C3F89422FB687A68C3F85821FB687A68FF
:10528000C3F85C217B68BA680021F86800F0A4FCD0
:10529000002318461037BD4680BD80B584B000AFEE
:1052A000F860B9607A607B68BA680021F86800F03D
:1052B00093FC002318461037BD4680BD80B582B0F0
:1052C00000AF78607B680422C3F894220023002298
:1052D0000021786800F05FFC002318460837BD46BF
:1052E00080BD80B582B000AF78607B680522C3F8CE
:1052F0009422002300220021786800F06DFC002336
:1053000018460837BD4680BD80B500AF012212495E
:105310001248FEF7A9FC0346002B01D000F0D2FF93
:105320000F490E48FEF7D0FC0346002B01D000F0D9
:10533000C9FF0C490948FEF7C7FB0346002B01D003
:1053400000F0C0FF0548FEF7F5FC0346002B01D036
:1053500000F0B8FF00BF80BDA000002000CD0020FD
:105360000C0000208C00002080B500AF0022054911
:105370000548FEF7C3FB05490348FEF7E1FB0023A0
:10538000184680BDDCD7002000CD0020DCCF0020F7
:1053900080B400AF00231846BD465DF8047B70471B
:1053A00080B483B000AF03463960FB711346BB8005
:1053B000FB79232B4AD801A252F823F04D54000860
:1053C0004D5400084D5400084D5400084D54000839
:1053D0004D5400084D5400084D5400084D54000829
:1053E0004D5400084D5400084D5400084D54000819
:1053F0004D5400084D5400084D5400084D54000809
:105400004D5400084D5400084D5400084D540008F8
:105410004D5400084D5400084D5400084D540008E8
:105420004D5400084D5400084D5400084D540008D8
:105430004D5400084D5400084D5400084D540008C8
:105440004D5400084D5400084D54000800BF00237F
:1054500018460C37BD465DF8047B704780B582B0B6
:1054600000AF7860396039687868FDF7C5FD796804
:105470000548FEF765FB0448FEF7C0FB002318460D
:105480000837BD4680BD00BF00CD002080B584B088
:1054900000AF78600B467B800023FB730D4BD3F885
:1054A000BC32BB60BB68D3F81432002B01D001239F
:1054B0000BE07B881A4679680648FEF71FFB054813
:1054C000FEF75CFB0346FB73FB7B18461037BD46BB
:1054D00080BD00BF00CD002080B487B000AFF86071
:1054E000B9601346FB710023FB7597F91730184616
:1054F0001C37BD465DF8047B7047000080B483B064
:1055000000AF03463960FB713B6812221A80034BDF
:1055100018460C37BD465DF8047B7047C00000207C
:1055200080B483B000AF03463960FB713B6804224E
:105530001A80034B18460C37BD465DF8047B704754
:10554000E000002080B582B000AF03463960FB71F7
:10555000FB79002B05D13A6807490848FFF7E8FDB9
:1055600004E03A6804490548FFF7E2FD024B18469B
:105570000837BD4680BD00BFDCDF002080EC00089E
:1055800080B582B000AF03463960FB713A680449C8
:105590000448FFF7CDFD024B18460837BD4680BDD5
:1055A000DCDF002098EC000880B582B000AF034635
:1055B0003960FB713B681A221A8000F055F8024BE3
:1055C00018460837BD4680BDE400002080B582B093
:1055D00000AF03463960FB71FB79002B05D13A68B7
:1055E00007490848FFF7A4FD04E03A680449054864
:1055F000FFF79EFD024B18460837BD4680BD00BF31
:10560000DCDF0020A4EC000880B582B000AF0346C8
:105610003960FB71FB79002B05D13A6807490848CE
:10562000FFF786FD04E03A6804490548FFF780FD6E
:10563000024B18460837BD4680BD00BFDCDF0020A6
:10564000B0EC000880B483B000AF03463960FB7152
:105650003B680C221A80034B18460C37BD465DF898
:10566000047B7047D400002080B584B000AF0F4B9E
:105670001B68FB600E4B1B68BB600E4B1B687B609E
:10568000FA687B681344FB60FB68002B09D0082292
:105690000949F86800F014F804220849B86800F0D5
:1056A0000FF800BF1037BD4680BD00BF0007FA0BE2
:1056B0000407FA0B0807FA0BE6000020F6000020AA
:1056C00080B487B000AFF860B9601346FB71002367
:1056D000FB750023FB7527E0FB681B0F092B0BD81C
:1056E000FB681B0FDAB2FB7D5B001946BB680B44FD
:1056F0003032D2B21A700AE0FB681B0FDAB2FB7DBF
:105700005B001946BB680B443732D2B21A70FB6893
:105710001B01FB60FB7D5B000133BA681344002270
:105720001A70FB7D0133FB75FA7DFB799A42D3D366
:1057300000BF00BF1C37BD465DF8047B704780B5D5
:1057400082B000AF78607B68D3F8E0247B6803F216
:105750009C4319461046FEF75DFB00BF0837BD4667
:1057600080BD80B582B000AF78600B46FB707B686F
:10577000D3F8E004FA7879681346DB0013449B0001
:105780000B4403F518731A68FB781946FEF797FB6C
:1057900000BF0837BD4680BD80B582B000AF7860DD
:1057A0000B46FB707B68D3F8E004FA7879681346FF
:1057B000DB0013449B000B4420331A68FB78194626
:1057C000FEF730FC00BF0837BD4680BD80B582B013
:1057D00000AF78607B68D3F8E0341846FEF76AFDC6
:1057E00000BF0837BD4680BD80B584B000AF78608B
:1057F0000123FB737B68DB79002B02D10023FB7351
:1058000008E07B68DB79022B02D10123FB7301E006
:1058100000F058FD7B68D3F8E034FA7B1146184657
:10582000FEF704FD7B68D3F8E0341846FEF7ACFCC5
:1058300000BF1037BD4680BD80B582B000AF786034
:105840007B68D3F8E0341846FEF700FD7B681B68E0
:1058500003F560631B687A68126802F5606243F0C2
:10586000010313607B68DB7A002B05D0044B1B69B6
:10587000034A43F00603136100BF0837BD4680BDED
:1058800000ED00E080B582B000AF78607B68D3F8AF
:10589000E0341846FEF7F6FC00BF0837BD4680BD71
:1058A00080B582B000AF78600B46FB707B68D3F8A0
:1058B000E034FA7811461846FEF74EFD00BF08376F
:1058C000BD4680BD80B582B000AF78600B46FB70EE
:1058D0007B68D3F8E034FA7811461846FEF70AFDE3
:1058E00000BF0837BD4680BD80B582B000AF78608C
:1058F0007B68D3F8E0341846FEF760FD00BF083738
:10590000BD4680BD80B582B000AF78607B68D3F8BB
:10591000E0341846FEF75DFD00BF0837BD4680BD88
:1059200080B582B000AF78607B681B78012B40D1D6
:10593000224A7B68C2F8E0347B68204AC3F8C82258
:105940001E4B1F4A1A601D4B08221A711B4B002266
:10595000DA711A4B00229A71184B03225A72174BB4
:1059600000229A72154B0022DA72144B00221A732D
:10597000124B00229A73114B0022DA730F4B002254
:105980001A740E4802F0CCFD0346002B01D000F043
:1059900099FC4FF40071094804F029F88022002195
:1059A000064803F0DDFF4FF4BA720121034803F00B
:1059B000D7FF002318460837BD4680BDE0E400202D
:1059C0000000044280B584B000AF78600023FB7310
:1059D0000023BB737B68D3F8C832184602F0ACFED4
:1059E0000346FB73FB7B184600F090F90346BB733C
:1059F000BB7B18461037BD4680BD80B584B000AF74
:105A00007860084611461A460346FB700B46BB7089
:105A100013463B800023FB730023BB737B68D3F8E2
:105A2000C802BB783A88F97803F0B4FB0346FB73ED
:105A3000FB7B184600F06AF90346BB73BB7B184634
:105A40001037BD4680BD80B584B000AF78600B468E
:105A5000FB700023FB730023BB737B68D3F8C83251
:105A6000FA781146184603F0FFFB0346FB73FB7BF5
:105A7000184600F04BF90346BB73BB7B1846103742
:105A8000BD4680BD80B584B000AF78600B46FB702A
:105A90000023FB730023BB737B68D3F8C832FA780A
:105AA0001146184603F0B7FC0346FB73FB7B184610
:105AB00000F02CF90346BB73BB7B18461037BD467C
:105AC00080BD80B584B000AF78600B46FB700023CA
:105AD000FB730023BB737B68D3F8C832FA78114696
:105AE000184603F0FBFC0346FB73FB7B184600F0F3
:105AF0000DF90346BB73BB7B18461037BD4680BD0E
:105B000080B485B000AF78600B46FB707B68D3F83B
:105B1000C832FB6097F90330002B0BDAFB7803F0F7
:105B20007F02F9681346DB0013449B000B441633D5
:105B30001B780BE0FB7803F07F02F9681346DB006B
:105B400013449B000B4403F256231B78184614376A
:105B5000BD465DF8047B704780B584B000AF7860C7
:105B60000B46FB700023FB730023BB737B68D3F8E9
:105B7000C832FA781146184603F0E8FA0346FB7378
:105B8000FB7B184600F0C2F80346BB73BB7B18468C
:105B90001037BD4680BD80B586B000AFF8607A6032
:105BA0003B600B46FB720023FB750023BB75FB6853
:105BB000D3F8C802F97A3B687A6803F0F2FB03462F
:105BC000FB75FB7D184600F0A1F80346BB75BB7D55
:105BD00018461837BD4680BD80B586B000AFF86066
:105BE0007A603B600B46FB720023FB750023BB759C
:105BF000FB68D3F8C802F97A3B687A6803F07EFB49
:105C00000346FB75FB7D184600F080F80346BB7524
:105C1000BB7D18461837BD4680BD80B582B000AF49
:105C200078600B46FB707B68D3F8C832FA7811466F
:105C3000184603F09EFB034618460837BD4680BD54
:105C400080B582B000AF78600B46FB70FB78002B0C
:105C500002D0012B1FD03BE07B68DB7A002B07D002
:105C600000F0D6F81C4B1B691B4A23F00603136196
:105C70007B681B6803F560631B687A68126802F52D
:105C8000606223F0010313607B68D3F8E0341846A8
:105C9000FEF7F8FA1CE07B681B6803F560631B687D
:105CA0007A68126802F5606243F0010313607B6852
:105CB000D3F8E0341846FEF7C9FA7B68DB7A002B8C
:105CC00005D0054B1B69044A43F00603136100BF6E
:105CD00000BF0837BD4680BD00ED00E080B483B052
:105CE00000AF7860034B18460C37BD465DF8047B67
:105CF000704700BFDCE1002080B483B000AF786063
:105D000000BF0C37BD465DF8047B704780B485B09A
:105D100000AF0346FB710023FB73FB79032B17D8FD
:105D200001A252F823F000BF395D00083F5D000872
:105D3000455D00084B5D00080023FB730BE0032367
:105D4000FB7308E00123FB7305E00323FB7302E010
:105D50000323FB7300BFFB7B18461437BD465DF879
:105D6000047B704780B500AF00F00AFD00F050F8EA
:105D700000F0E0F900F0BEF800F06CF900F01CF95A
:105D800000F0F8F81A491B48FAF782FA02211A487B
:105D900001F0EEFB0346012B01D1FFF7B5FA174ADC
:105DA00000211748FCF7F4FB164A04211448FCF7BD
:105DB0000AFC154A08211248FCF720FC0F48FCF7A2
:105DC00038FC124B602283F8A024104B002283F889
:105DD000AC240E4B602283F8B8240848FCF74CFC36
:105DE0000A48FAF7D3FB0948FAF7B0FCFBE700BF13
:105DF000FCE30020C4E900200004024264EE00201D
:105E000094E4002070EE00207CEE0020CCE900201D
:105E100080B59EB000AF07F118036022002118463C
:105E200008F0E6FE3B4600221A605A609A60DA608B
:105E30001A615A614FF4403003F01EFE0346002BF6
:105E400001D000F03FFA03F007FE294BD3F8F03001
:105E5000274A23F01803C2F8F0301D23BB614FF42A
:105E60008033FB6181233B624FF08063FB6201233F
:105E70007B631023BB630023FB6300233B6302238C
:105E80003B6501237B654FF40053FB650323BB6532
:105E90000A233B6602237B660223BB660123FB6663
:105EA0000C233B6700237B6707F11803184603F0B8
:105EB0009DFE0346002B01D000F004FA1F233B6037
:105EC00003237B600023BB600023FB6000233B6156
:105ED00000237B613B460421184604F063FD034622
:105EE000002B01D000F0EEF900BF7837BD4680BD31
:105EF000000C024680B500AF1B4B1C4A1A601A4BBF
:105F00001B4A5A60184B00229A60174B0122DA6034
:105F1000154B00221A61144B00225A61124B0022C9
:105F20009A61114B0022DA610F4B00221A620E486F
:105F300001F04EFB0346002B01D000F0C3F9002115
:105F4000094802F0D7F90346002B01D000F0BAF956
:105F50000021054802F019FA0346002B01D000F099
:105F6000B1F900BF80BD00BFFCE300200054004039
:105F7000EC9D903080B500AF0D4B0E4A1A600C4B73
:105F800006225A600A4B40F6FF72DA60084B4FF463
:105F900024629A60064B00221A61054802F041FA19
:105FA0000346002B01D000F08DF900BF80BD00BF7B
:105FB00050E400200030004080B588B000AF3B1DA9
:105FC00000221A605A609A60DA601A615A619A6116
:105FD0001E4B1F4A1A601D4B00225A601B4B7F222A
:105FE0009A601A4BFF22DA60184B00221A61174B95
:105FF00000225A61154B00229A61144B4FF08042E7
:10600000DA61124B00221A62104B00225A620F48CA
:1060100006F048F80346002B01D000F053F90023A6
:106020007B6000233B6100237B610023BB613B1D40
:106030001946064806F09CF90346002B01D000F0F3
:1060400041F900BF2037BD4680BD00BF64E4002099
:106050000078004680B58AB000AF07F11C0300222B
:106060001A605A609A603B4600221A605A609A6031
:10607000DA601A615A619A612C4B2D4A1A602B4BD7
:1060800000225A60294B00229A60284BFF22DA60D6
:10609000264B00221A61254B00229A61234806F004
:1060A00095F90346002B01D000F00CF90023FB61A9
:1060B00000237B6207F11C0319461C4807F048F9CE
:1060C0000346002B01D000F0FDF860233B60002365
:1060D0007B600023BB6000233B613B4600221946E6
:1060E000124806F01DFB0346002B01D000F0EAF831
:1060F0003B46042219460D4806F012FB0346002BCE
:1061000001D000F0DFF83B4608221946074806F0A8
:1061100007FB0346002B01D000F0D4F8034800F041
:10612000C9F900BF2837BD4680BD00BF94E40020F8
:106130000004004080B58CB000AF07F11C030022C2
:106140001A605A609A60DA601A615A4BD3F88C3040
:10615000584A43F01003C2F88C30564BD3F88C30B9
:1061600003F01003BB61BB69524BD3F88C30514A2A
:1061700043F00403C2F88C304E4BD3F88C3003F05C
:1061800004037B617B694B4BD3F88C30494A43F065
:106190008003C2F88C30474BD3F88C3003F0800377
:1061A0003B613B69434BD3F88C30424A43F00203D6
:1061B000C2F88C303F4BD3F88C3003F00203FB6005
:1061C000FB683C4BD3F88C303A4A43F00803C2F8E2
:1061D0008C30384BD3F88C3003F00803BB60BB68BD
:1061E000344BD3F88C30334A43F00103C2F88C307F
:1061F000304BD3F88C3003F001037B607B680022C6
:1062000040F20A212C4801F0CBF900224FF4204142
:106210002A4801F0C5F900224FF48061284801F0B6
:10622000BFF940F20A23FB6101233B6200237B623A
:106230000023BB6207F11C0319461F4800F0B8FF9A
:106240000223FB6100233B6200237B6207F11C03F6
:1062500019461A4800F0ACFF8023FB6100233B6223
:1062600000237B6207F11C031946134800F0A0FFCE
:106270004FF42043FB6101233B6200237B62002338
:10628000BB6207F11C0319460C4800F091FF4FF464
:106290008063FB6101233B6200237B620023BB62BE
:1062A00007F11C031946064800F082FF00BF303793
:1062B000BD4680BD000C02460010024200040242AE
:1062C000000C024280B400AF72B600BF00BFFDE711
:1062D00080B582B000AF0A4BD3F89430084A43F03F
:1062E0000403C2F89430064BD3F8943003F004034F
:1062F0007B607B6803F04CFC00BF0837BD4680BD67
:10630000000C024680B5C0B000AF786007F1EC0326
:1063100000221A605A609A60DA601A6107F110036D
:10632000D8220021184608F063FC7B681B68274AC6
:10633000934245D14FF040024FF00003C7E90423D8
:106340000023FB6707F11003184604F0BFFE034665
:10635000002B01D0FFF7B6FF1D4BD3F88C301C4A41
:1063600043F00203C2F88C30194BD3F88C3003F0A1
:106370000203FB60FB684FF44073C7F8EC30122354
:10638000C7F8F0300023C7F8F4300023C7F8F8301E
:106390000423C7F8FC3007F1EC0319460D4800F060
:1063A00007FF0B4BD3F89C30094A43F40013C2F8A3
:1063B0009C30074BD3F89C3003F40013BB60BB68E0
:1063C00000BF07F58077BD4680BD00BF0054004088
:1063D000000C02460004024280B5BAB000AF7860FB
:1063E00007F11003D8220021184608F001FC7B6851
:1063F0001B681D4A934232D14FF480224FF00003B4
:10640000C7E904234FF48073C7F8E03007F11003A5
:10641000184604F05BFE0346002B01D0FFF752FF45
:10642000124BD3F8F030114A43F40043C2F8F03075
:106430000E4BD3F8A8300D4A43F40013C2F8A8302D
:106440000A4BD3F8A83003F40013FB60FB68074B3A
:10645000D3F8D830054A43F40013C2F8D83000BF4F
:10646000E837BD4680BD00BF00780046000C0246FC
:1064700080B485B000AF78607B681B680B4A93429C
:106480000ED10B4BD3F89C30094A43F00203C2F8FB
:106490009C30074BD3F89C3003F00203FB60FB6891
:1064A00000BF1437BD465DF8047B70470004004010
:1064B000000C024680B588B000AF786007F10C038D
:1064C00000221A605A609A60DA601A617B681B6861
:1064D000134A93421FD1134BD3F88C30114A43F027
:1064E0000403C2F88C300F4BD3F88C3003F0040354
:1064F000BB60BB684FF4E073FB6002233B61002389
:106500007B610023BB610223FB6107F10C03194689
:10651000054800F04DFE00BF2037BD4680BD00BFDE
:1065200000040040000C02460008024280B5BCB0E6
:1065300000AF786007F11803D8220021184608F050
:1065400057FB7B681B683E4A934274D13D4BD3F89E
:10655000A8303C4A43F00203C2F8A830394BD3F8C4
:10656000A83003F002037B617B694FF000024FF01B
:106570000803C7E906230023C7F8EC3007F1180326
:10658000184604F0A3FD0346002B01D0FFF79AFE46
:106590000C2000F03BFA2B4BD3F88C30294A43F403
:1065A0008043C2F88C30274BD3F88C3003F48043FF
:1065B0003B613B69234BD3F88C30224A43F40043C0
:1065C000C2F88C301F4BD3F88C3003F40043FB60CF
:1065D000FB681C4BD3F8943003F00403002B1BD151
:1065E000184BD3F89430174A43F00403C2F89430A0
:1065F000144BD3F8943003F00403BB60BB6803F082
:10660000C7FA03F0D5FA0F4BD3F894300D4A23F0B4
:106610000403C2F8943003E003F0BAFA03F0C8FAB6
:10662000012000F0DFF900220021492000F0D1FA1A
:10663000492000F0E8FA00BFF037BD4680BD00BF3A
:1066400000000442000C024680B400AF00BFFDE72A
:1066500080B400AF00BFFDE780B400AF00BFFDE72E
:1066600080B400AF00BFFDE780B400AF00BFFDE71E
:1066700080B400AF00BFBD465DF8047B704780B4B6
:1066800000AF00BFBD465DF8047B704780B400AF2B
:1066900000BFBD465DF8047B704780B500AF00F0D9
:1066A0005DF900BF80BD000080B500AF024802F078
:1066B00065F800BF80BD00BFE0E4002080B400AFFB
:1066C000184BD3F88830174A43F47003C2F8883067
:1066D000154B01221A60144B0022DA61124B002282
:1066E0001A62114B00225A620F4B1B680E4A23F0AC
:1066F000A85323F4102313600B4B00229A620A4B19
:106700001B68094A23F480231360074B00221A6593
:10671000044B4FF000629A6000BFBD465DF8047BF9
:10672000704700BF00ED00E0000C0246DFF834D0F7
:10673000FFF7C4FF002103E00B4B5B5843500431CB
:106740000A480B4B42189A42F6D30A4A02E0002349
:1067500042F8043B084B9A42F9D308F051FAFFF78C
:1067600001FBFEE70000272098ED00080000002054
:10677000280100202801002090EE0020FEE7000004
:1067800080B500AF124B1B68114A43F4807313604D
:10679000032000F013FA04F0F7FA02460D4B1B6ACF
:1067A00003F00F030C49CB5C22FA03F30B4A13608E
:1067B000042000F05DFA0F2000F05AF80346002B89
:1067C00001D0012302E0FFF783FD0023184680BDBE
:1067D00000200240000C0246C0EC0008000100202E
:1067E00080B500AF184B194A5A67174B184A9A6779
:1067F000154B00225A67144B00229A67124B154A18
:10680000DA67114B0022DA670F4B134A1A660E4BF8
:1068100000221A660C4B114A5A660B4B40F21112B9
:106820009A66094B00225A66074B00229A66064B6D
:1068300040F26162DA66044B0022DA6600F010F87A
:106840000023184680BD00BF000C02463F407E0278
:1068500022028000007867000F100700FF55BF1963
:1068600080B400AF00BFBD465DF8047B70470000F8
:1068700080B584B000AF78600023FB60334B1B7899
:10688000002B01D101235CE0314B1B6803F00403B2
:10689000042B0CD12F4B1A682C4B1B7819464FF444
:1068A0007A73B3FBF1F3B2FBF3F3FB6037E000F074
:1068B00037FAB860BB68022B23D0BB68022B2DD8F7
:1068C000BB68002B03D0BB68012B0DD026E0214B09
:1068D0001A681E4B1B7819464FF4FA53B3FBF1F3B9
:1068E000B2FBF3F3FB601AE0184B1B781A464FF427
:1068F0007A73B3FBF2F34FF4FA42B2FBF3F3FB60AB
:106900000DE0124B1B781A464FF47A73B3FBF2F387
:106910004FF40042B2FBF3F3FB6000E000BFF86805
:1069200000F084F90346002B01D0012309E0002286
:1069300079684FF0FF3000F04CF9074A7B6813602C
:10694000002318461037BD4680BD00BF0801002057
:1069500010E000E0000100200401002080B400AF3E
:10696000064B1B781A46064B1B681344044A1360F7
:1069700000BFBD465DF8047B704700BF08010020E2
:106980008CEE002080B400AF034B1B681846BD4658
:106990005DF8047B704700BF8CEE002080B584B0AA
:1069A00000AF7860FFF7EEFFB8607B68FB60FB68C4
:1069B000B3F1FF3F05D00A4B1B781A46FB6813441E
:1069C000FB6000BFFFF7DEFF0246BB68D31AFA6820
:1069D0009A42F7D800BF00BF1037BD4680BD00BF48
:1069E0000801002080B483B000AF7860064B5B6F75
:1069F00023F0010204497B6813434B6700BF0C3747
:106A0000BD465DF8047B70470004004680B483B047
:106A100000AF7860064B5B6F23F03C0204497B6853
:106A200013434B6700BF0C37BD465DF8047B7047CE
:106A30000004004680B485B000AF78607B6803F046
:106A40000703FB600C4BDB68BB60BA684FF6FF03C3
:106A50001340BB60FB681A02BB68134343F0BF637B
:106A600043F40033BB60044ABB68D36000BF1437F3
:106A7000BD465DF8047B704700ED00E080B400AFD8
:106A8000044BDB681B0A03F007031846BD465DF89C
:106A9000047B704700ED00E080B483B000AF034694
:106AA000FB80B7F90630002B0BDBFB8803F01F02DD
:106AB0000749B7F906305B09012000FA02F241F8F4
:106AC000232000BF0C37BD465DF8047B704700BF34
:106AD00000E100E080B483B000AF03463960FB8082
:106AE000B7F90630002B0ADB3B68DAB20C49B7F97C
:106AF00006301201D2B20B4483F800230AE03B684F
:106B0000DAB20849FB8803F00F03043B1201D2B24A
:106B10000B441A7600BF0C37BD465DF8047B704706
:106B200000E100E000ED00E080B489B000AFF86063
:106B3000B9607A60FB6803F00703FB61FB69C3F18E
:106B40000703042B28BF0423BB61FB690433062B16
:106B500002D9FB69033B00E000237B614FF0FF3269
:106B6000BB6902FA03F3DA43BB681A407B699A40B7
:106B70004FF0FF317B6901FA03F3D9437B680B4087
:106B8000134318462437BD465DF8047B7047000068
:106B900080B400AFBFF34F8F00BF064BDB6803F438
:106BA000E0620449044B1343CB60BFF34F8F00BF37
:106BB00000BFFDE700ED00E00400FA0580B582B0FB
:106BC00000AF78607868FFF735FF00BF0837BD4633
:106BD00080BD80B586B000AF0346B9607A60FB81A6
:106BE000FFF74CFF78617A68B9687869FFF79CFF16
:106BF0000246B7F90E3011461846FFF76BFF00BF8B
:106C00001837BD4680BD80B582B000AF0346FB801B
:106C1000B7F906301846FFF73FFF00BF0837BD46FB
:106C200080BD80B500AFFFF7B3FF000080B483B034
:106C300000AF78607B68013BB3F1807F01D3012313
:106C40000DE00A4A7B68013B5360084B00229A60C2
:106C5000064B1B68054A43F00303136000231846E4
:106C60000C37BD465DF8047B704700BF10E000E0C4
:106C700080B483B000AF78607B68042B44D801A255
:106C800052F823F0A76C0008C56C0008E76C0008F8
:106C9000096D0008996C00081F4B1B681E4A43F0E1
:106CA0000403136031E01C4B1B681B4A23F00403F0
:106CB00013601A4BD3F8E030184A23F44003C2F8AB
:106CC000E03022E0144B1B68134A23F004031360E6
:106CD000124BD3F8E03023F44003104A43F480030E
:106CE000C2F8E03011E00C4B1B680B4A23F00403A0
:106CF00013600A4BD3F8E03023F44003074A43F40F
:106D00000003C2F8E03000E000BF00BF0C37BD4612
:106D10005DF8047B704700BF10E000E0000C024605
:106D200080B483B000AF194B1B6803F00403002B41
:106D300002D004237B6021E0154BD3F8E03003F44C
:106D400040033B603B68B3F5000F11D03B68B3F5DF
:106D5000000F10D83B68002B04D03B68B3F5800FC0
:106D600003D008E000237B6008E001237B6005E09E
:106D700002237B6002E000237B6000BF7B68184633
:106D80000C37BD465DF8047B704700BF10E000E0A3
:106D9000000C024680B586B000AFF860B9607A603A
:106DA0001F4B1B78012B01D1022334E01C4B012225
:106DB0001A701B4B00225A604FF47A7000F070F882
:106DC0000346FB75FB7D002B21D1154AFB689360C0
:106DD000144B3B61FB6823F00043012B04D179681D
:106DE000B86800F0A5F803E07968B86800F0DCF84E
:106DF0004FF47A7000F054F80346FB753B691A684B
:106E0000FB6823F00043DB431A403B691A60044BE4
:106E100000221A70FB7D18461837BD4680BD00BFA2
:106E20000C0100202820024080B483B000AF002372
:106E3000FB710B4B9B6A002B0BDA094B094A9A60DA
:106E4000074B094A9A60064B9B6A002B01DA012323
:106E5000FB71FB7918460C37BD465DF8047B704723
:106E60000020024023016745AB89EFCD80B483B099
:106E700000AF0123FB71094B9B6A084A43F00043B2
:106E80009362064B9B6A002B01DA0023FB71FB79AE
:106E900018460C37BD465DF8047B70470020024061
:106EA00080B586B000AF7860FFF76CFD78611E4B4F
:106EB0003B6110E07B68B3F1FF3F0CD0FFF762FD50
:106EC00002467B69D31A7A689A4202D97B68002B02
:106ED00001D1032323E03B691B6803F44033002BFB
:106EE000E8D13B691A6842F2FA031340FB60FB6881
:106EF000002B0AD00D4B5A68FB6813430B4A5360B2
:106F00003B69FA681A60012309E03B691B6803F0DA
:106F10000103002B02D03B6901221A6000231846AE
:106F20001837BD4680BD00BF202002400C01002064
:106F300080B48BB000AF78603960042387F82730C5
:106F40007B683B623B68FB61164BBB61BB691B689E
:106F500043F00102BB691A60EFF310833B613B69A8
:106F60007B6172B600BFFB691A683B6A1A603B6AB4
:106F700004333B62FB690433FB6197F82730013B24
:106F800087F8273097F82730002BECD17B69FB601E
:106F9000FB6883F3108800BF00BF2C37BD465DF847
:106FA000047B70472820024080B48BB000AF78602B
:106FB0003960202387F827307B683B623B68FB61A0
:106FC000174BBB61BB691B6843F4804343F001036B
:106FD000BA691360EFF310833B613B697B6172B662
:106FE00000BFFB691A683B6A1A603B6A04333B6264
:106FF000FB690433FB6197F82730013B87F82730A2
:1070000097F82730002BECD17B69FB60FB6883F39A
:10701000108800BF00BF2C37BD465DF8047B704769
:107020002820024080B586B000AF78603960334BCD
:107030001B78012B01D102235CE0304B01221A7036
:107040002E4B00225A604FF47A70FFF729FF034657
:10705000FB75FB7D002B49D17B681B68274A936039
:10706000274BFB607B681B6823F0004348F2040257
:1070700093420BD17B685B68184600F043F84FF4ED
:107080007A70FFF70DFF0346FB7525E03B684FF074
:10709000FF321A607B689B683B6115E07B685B6828
:1070A0001946386900F054F84FF47A70FFF7F8FE8B
:1070B0000346FB75FB7D002B03D03B683A691A60E1
:1070C0000AE03B6901333B617B689A687B68DB6857
:1070D00013443A699A42E1D3FB681A687B681B68DB
:1070E00023F00043DB431A40FB681A60034B002285
:1070F0001A70FB7D18461837BD4680BD0C01002074
:107100002820024080B485B000AF78600F4BFB6050
:107110007B6803F00103002B07D0FB681B6843F476
:10712000803343F00403FA6813607B6803F00203C2
:10713000002B05D0FB681B6843F4C032FB681A6063
:1071400000BF1437BD465DF8047B7047282002401D
:1071500080B485B000AF78603960144BFB603B6849
:1071600003F00103002B06D0FB681B6823F40062C8
:10717000FB681A6005E0FB681B6843F40062FB686B
:107180001A60FB681B6823F4833323F4FD737A6869
:10719000D200134343F4803343F00203FA681360D0
:1071A00000BF1437BD465DF8047B704728200240BD
:1071B00080B489B000AF7860396000237B617B6860
:1071C0003B61C2E13B681A6801217B6901FA03F364
:1071D0001340FB607B69BB61FB68002B00F0B28150
:1071E0007B68554A93425DD17B681B68FB61012235
:1071F0007B6902FA03F3DB43FA691340FB613B68E6
:107200005B6803F001027B6902FA03F3FA69134336
:10721000FB617B68FA691A60484A7B6952F833302F
:107220003B61464A7B69DB0013445B68BB61BB6919
:10723000DA083B69083253F82230FB61BB6903F07E
:1072400007039B000F2202FA03F3DB43FA691340A2
:10725000FB61BB6903F007039B000B2202FA03F3F7
:10726000FA691343FB61BB69DA083B690832F969C3
:1072700043F822103B691B68FB61BB695B0003227A
:1072800002FA03F3DB43FA691340FB61BB695B005D
:10729000022202FA03F3FA691343FB613B69FA69BC
:1072A0001A6067E03B685B68022B03D03B685B6851
:1072B000122B45D17B69DA087B68083253F82230FB
:1072C000FB617B6903F007039B000F2202FA03F3C3
:1072D000DB43FA691340FB613B681B6903F00F0253
:1072E0007B6903F007039B0002FA03F3FA69134377
:1072F000FB617B69DA087B680832F96943F8221080
:107300003B691B68FB61BB695B00032202FA03F364
:10731000DB43FA691340FB613B685B6803F00302DF
:10732000BB695B0002FA03F3FA691343FB613B6933
:10733000FA691A601EE000BF0000024610ED000866
:107340003B691B68FB61BB695B00032202FA03F324
:10735000DB43FA691340FB613B685B6803F003029F
:10736000BB695B0002FA03F3FA691343FB613B69F3
:10737000FA691A603B685B68012B0BD03B685B685D
:10738000022B07D03B685B68112B03D03B685B681E
:10739000122B30D13B699B68FB61BB695B00032208
:1073A00002FA03F3DB43FA691340FB613B68DA68D6
:1073B000BB695B0002FA03F3FA691343FB613B69A3
:1073C000FA699A603B695B68FB610122BB6902FA5A
:1073D00003F3DB43FA691340FB613B685B681B09FD
:1073E00003F00102BB6902FA03F3FA691343FB617C
:1073F0003B69FA695A603B685B68032B07D13B68BD
:107400005B68032B1BD13B689B68012B17D03B6942
:10741000DB68FB61BB695B00032202FA03F3DB4319
:10742000FA691340FB613B689A68BB695B0002FA2A
:1074300003F3FA691343FB613B69FA69DA603B685D
:107440005B6803F08053002B7CD0474A7B699B0824
:10745000183352F82330FB617B6903F00303DB0030
:107460000F2202FA03F3DB43FA691340FB617B68E6
:107470009A0A3E4B13407A6902F00302D20093400D
:10748000FA691343FB6138497B699B081833FA6931
:1074900041F82320344B1B68FB61FB68DB43FA692E
:1074A0001340FB613B685B6803F48013002B03D03F
:1074B000FA69FB681343FB612B4AFB6913602A4B93
:1074C0005B68FB61FB68DB43FA691340FB613B6867
:1074D0005B6803F40013002B03D0FA69FB681343C5
:1074E000FB61214AFB6953601F4BD3F88430FB6179
:1074F000FB68DB43FA691340FB613B685B6803F49C
:107500000033002B03D0FA69FB681343FB61164A72
:10751000FB69C2F88430144BD3F88030FB61FB6800
:10752000DB43FA691340FB613B685B6803F480331B
:10753000002B03D0FA69FB681343FB610A4AFB691D
:10754000C2F880307B6901337B613B681A687B69D4
:1075500022FA03F3002B7FF435AE00BF00BF2437BF
:10756000BD465DF8047B7047002002467F7F2F00F8
:1075700080B485B000AF78600B467B807B681A6969
:107580007B881340002B02D00123FB7301E0002312
:10759000FB73FB7B18461437BD465DF8047B7047D0
:1075A00080B483B000AF78600B467B8013467B705D
:1075B0007B78002B03D07A887B689A6102E07A8816
:1075C0007B689A6200BF0C37BD465DF8047B70474C
:1075D00080B582B000AF78607B68002B01D10123B9
:1075E0008DE07B6893F84130DBB2002B06D17B68DD
:1075F000002283F840207868FEF784FE7B6824220E
:1076000083F841207B681B681A687B681B6822F03E
:1076100001021A607B685A687B681B6822F07062FE
:107620001A617B681B689A687B681B6822F40042B9
:107630009A607B68DB68012B07D17B689A687B685E
:107640001B6842F400429A6006E07B689A687B6897
:107650001B6842F404429A607B68DB68022B08D105
:107660007B681B685A687B681B6842F400625A603A
:1076700007E07B681B685A687B681B6822F400621D
:107680005A607B681B685B687A68126843F0007315
:1076900043F4004353607B681B68DA687B681B68AF
:1076A00022F40042DA607B681A697B685B6942EA0F
:1076B00003017B689B691A027B681B680A43DA60D6
:1076C0007B68D9697B681A6A7B681B680A431A6001
:1076D0007B681B681A687B681B6842F001021A60AD
:1076E0007B6800225A647B68202283F841207B68F3
:1076F00000221A637B68002283F842200023184688
:107700000837BD4680BD000080B588B002AFF86084
:10771000084611461A4603467B810B463B811346B9
:10772000FB80FB6893F84130DBB2202B40F0F980FE
:107730003B6A002B02D0BB8C002B05D1FB684FF4B9
:1077400000725A640123EDE0FB6893F84030012B8E
:1077500001D10223E6E0FB68012283F84020FFF715
:1077600011F978617B690093192301224FF40041DC
:10777000F86800F0C9FB0346002B01D00123D1E0DB
:10778000FB68212283F84120FB68402283F84220D5
:10779000FB6800225A64FB683A6A5A62FB68BA8C3A
:1077A0005A85FB6800225A63F8883A8979897B698F
:1077B0000193BB6A00930346F86800F0D9FA0346C8
:1077C000002B05D0FB68002283F840200123A9E0AC
:1077D000FB685B8D9BB2FF2B0ED9FB68FF221A85DD
:1077E000FB681B8DDAB27989002300934FF0807318
:1077F000F86800F04DFD0FE0FB685B8D9AB2FB6806
:107800001A85FB681B8DDAB27989002300934FF04B
:107810000073F86800F03CFD7A69B96AF86800F016
:10782000CCFB0346002B01D001237BE0FB685B6AA5
:107830001A78FB681B689A62FB685B6A5A1CFB68D3
:107840005A62FB685B8D9BB2013B9AB2FB685A851A
:10785000FB681B8D013B9AB2FB681A85FB685B8D48
:107860009BB2002B34D0FB681B8D002B30D17B6981
:107870000093BB6A00228021F86800F045FB0346B4
:10788000002B01D001234DE0FB685B8D9BB2FF2BE9
:107890000ED9FB68FF221A85FB681B8DDAB2798945
:1078A000002300934FF08073F86800F0F1FC0FE0C4
:1078B000FB685B8D9AB2FB681A85FB681B8DDAB298
:1078C0007989002300934FF00073F86800F0E0FC22
:1078D000FB685B8D9BB2002B9ED17A69B96AF86810
:1078E00000F0B2FB0346002B01D001231AE0FB6835
:1078F0001B682022DA61FB681B685968FB681A68FC
:107900000A4B0B405360FB68202283F84120FB6840
:10791000002283F84220FB68002283F840200023E5
:1079200000E0022318461837BD4680BD00E800FE7F
:1079300080B588B002AFF860084611461A46034683
:107940007B810B463B811346FB80FB6893F84130FB
:10795000DBB2202B40F0FD803B6A002B02D0BB8CB9
:10796000002B05D1FB684FF400725A640123F1E04B
:10797000FB6893F84030012B01D10223EAE0FB6859
:10798000012283F84020FEF7FDFF78617B690093B8
:10799000192301224FF40041F86800F0B5FA0346BC
:1079A000002B01D00123D5E0FB68222283F841207F
:1079B000FB68402283F84220FB6800225A64FB687F
:1079C0003A6A5A62FB68BA8C5A85FB6800225A638D
:1079D000F8883A8979897B690193BB6A00930346E9
:1079E000F86800F019FA0346002B05D0FB68002266
:1079F00083F840200123ADE0FB685B8D9BB2FF2B39
:107A00000ED9FB68FF221A85FB681B8DDAB27989D3
:107A1000524B00934FF08073F86800F039FC0FE090
:107A2000FB685B8D9AB2FB681A85FB681B8DDAB226
:107A300079894A4B00934FF00073F86800F028FCF6
:107A40007B690093BB6A00220421F86800F05CFAAD
:107A50000346002B01D001237CE0FB681B685A6AB7
:107A6000FB685B6AD2B21A70FB685B6A5A1CFB68DF
:107A70005A62FB681B8D013B9AB2FB681A85FB6852
:107A80005B8D9BB2013B9AB2FB685A85FB685B8DAC
:107A90009BB2002B34D0FB681B8D002B30D17B694F
:107AA0000093BB6A00228021F86800F02DFA03469B
:107AB000002B01D001234DE0FB685B8D9BB2FF2BB7
:107AC0000ED9FB68FF221A85FB681B8DDAB2798913
:107AD000002300934FF08073F86800F0D9FB0FE0AB
:107AE000FB685B8D9AB2FB681A85FB681B8DDAB266
:107AF0007989002300934FF00073F86800F0C8FB09
:107B0000FB685B8D9BB2002B9AD17A69B96AF868E1
:107B100000F09AFA0346002B01D001231AE0FB681B
:107B20001B682022DA61FB681B685968FB681A68C9
:107B30000B4B0B405360FB68202283F84120FB680D
:107B4000002283F84220FB68002283F840200023B3
:107B500000E0022318461837BD4680BD002400808F
:107B600000E800FE80B58AB002AFF8607A603B6042
:107B70000B467B8100237B610023FB77FB6893F836
:107B80004130DBB2202B40F0ED80FB681B689B6925
:107B900003F40043B3F5004F01D10223E3E0FB6897
:107BA00093F84030012B01D10223DCE0FB68012275
:107BB00083F84020FB68242283F84120FB680022E0
:107BC0005A64FB68DB68012B07D17B89C3F3090387
:107BD00043F0007343F4005306E07B89C3F30903C9
:107BE00043F0007343F42053FA6812685360FEF7C1
:107BF000C9FEB861FB681B689B6903F02003202B5A
:107C00000CBF01230023DBB2BB77FB681B689B69B9
:107C100003F01003102B0CBF01230023DBB27B7792
:107C200034E03B68B3F1FF3F1AD0FEF7ABFE0246EB
:107C3000BB69D31A3A689A4202D33B68002B0FD132
:107C4000FB68202283F84120FB685B6C43F0200234
:107C5000FB685A64FB68002283F84020012382E01D
:107C6000FB681B689B6903F02003202B0CBF0123DA
:107C70000023DBB2BB77FB681B689B6903F0100332
:107C8000102B0CBF01230023DBB27B77BB7F002BC3
:107C900002D17B7F002BC4D0FB681B689B6903F07B
:107CA0001003102B27D0BB6900933B6800222021D2
:107CB000F86800F029F90346002B0ED0FB685B6CD6
:107CC000042B07D1FB681B682022DA61FB680022C5
:107CD0005A6426E00123FB7723E0FB681B6820221F
:107CE000DA61FB68202283F84120FB68002283F8D8
:107CF0004020002337E0FB681B681022DA61BB6973
:107D000000933B6800222021F86800F0FDF803464C
:107D1000002B02D00123FB7703E0FB681B682022C5
:107D2000DA617B6901337B617B697A689A4204D9A5
:107D3000FB7F012B01D10023FB777B697A689A4294
:107D40003FF63FAFFB68202283F84120FB685B6C65
:107D500043F02002FB685A64FB68002283F840204D
:107D6000012300E0022318462037BD4680BD0000F5
:107D700080B586B002AFF860084611461A46034641
:107D80007B810B463B811346FB80FB88DAB2798905
:107D9000204B00934FF08073F86800F079FAFA698D
:107DA000B969F86800F009F90346002B01D00123F6
:107DB0002CE0FB88012B05D13B89DAB2FB681B68FC
:107DC0009A6215E03B891B0A9BB2DAB2FB681B681A
:107DD0009A62FA69B969F86800F0EFF80346002B77
:107DE00001D0012312E03B89DAB2FB681B689A627A
:107DF000FB690093BB6900228021F86800F084F8D9
:107E00000346002B01D0012300E000231846103761
:107E1000BD4680BD0020008080B586B002AFF8600E
:107E2000084611461A4603467B810B463B811346A2
:107E3000FB80FB88DAB27989204B00930023F86835
:107E400000F026FAFA69B969F86800F0B6F8034656
:107E5000002B01D001232CE0FB88012B05D13B89AD
:107E6000DAB2FB681B689A6215E03B891B0A9BB279
:107E7000DAB2FB681B689A62FA69B969F86800F0BF
:107E80009CF80346002B01D0012312E03B89DAB2B3
:107E9000FB681B689A62FB690093BB690022402162
:107EA000F86800F031F80346002B01D0012300E010
:107EB000002318461037BD4680BD00BF002000805B
:107EC00080B483B000AF78607B681B689B6903F067
:107ED0000203022B03D17B681B6800229A627B6835
:107EE0001B689B6903F00103012B07D07B681B68AB
:107EF0009A697B681B6842F001029A6100BF0C37E7
:107F0000BD465DF8047B704780B584B000AFF86073
:107F1000B9603B601346FB713BE0BA693968F868A9
:107F200000F0D6F80346002B01D0012341E03B6866
:107F3000B3F1FF3F2DD0FEF725FD0246BB69D31AF2
:107F40003A689A4202D33B68002B22D1FB681B6837
:107F50009A69BB681340BA689A420CBF0123002398
:107F6000DBB21A46FB799A4213D1FB685B6C43F093
:107F70002002FB685A64FB68202283F84120FB68DA
:107F8000002283F84220FB68002283F8402001236E
:107F90000FE0FB681B689A69BB681340BA689A4295
:107FA0000CBF01230023DBB21A46FB799A42B4D0FE
:107FB000002318461037BD4680BD80B584B000AFA1
:107FC000F860B9607A6033E07A68B968F86800F000
:107FD0007FF80346002B01D0012331E0BB68B3F1E9
:107FE000FF3F25D0FEF7CEFC02467B68D31ABA6865
:107FF0009A4202D3BB68002B1AD1FB681B689B69AD
:1080000003F00203022B13D0FB685B6C43F02002E9
:10801000FB685A64FB68202283F84120FB68002239
:1080200083F84220FB68002283F84020012307E008
:10803000FB681B689B6903F00203022BC4D1002379
:1080400018461037BD4680BD80B584B000AFF860DB
:10805000B9607A602FE07A68B968F86800F038F89B
:108060000346002B01D001232DE0FEF78BFC0246D6
:108070007B68D31ABA689A4202D3BB68002B1AD124
:10808000FB681B689B6903F02003202B13D0FB685F
:108090005B6C43F02002FB685A64FB68202283F883
:1080A0004120FB68002283F84220FB68002283F80D
:1080B0004020012307E0FB681B689B6903F0200355
:1080C000202BC8D1002318461037BD4680BD0000C4
:1080D00080B58AB000AFF860B9607A60002387F895
:1080E0002730FB681B689B69BB6100233B627B6890
:1080F000FB61BB6903F01003002B68D0FB681B68B1
:108100001022DA6149E0BB68B3F1FF3F45D0FEF7CA
:1081100039FC0246FB69D31ABA689A4202D3BB689B
:10812000002B3AD1FB681B685B6803F480437B61DA
:10813000FB6893F84230FB74FB681B689B6903F48F
:108140000043B3F5004F21D17B69B3F5804F1DD0BB
:10815000FB7C202B1AD0FB681B685A68FB681B68E5
:1081600042F480425A60FEF70DFCF8610EE0FEF723
:1081700009FC0246FB69D31A192B07D93B6A43F065
:1081800020033B62012387F8273006E0FB681B6869
:108190009B6903F02003202BE9D1FB681B689B69D6
:1081A00003F02003202B03D097F82730002BAAD010
:1081B00097F82730002B03D1FB681B682022DA6177
:1081C0003B6A43F004033B62012387F82730FB68D6
:1081D0001B689B69BB61BB6903F48073002B0BD0E8
:1081E0003B6A43F001033B62FB681B684FF48072FB
:1081F000DA61012387F82730BB6903F48063002B21
:108200000BD03B6A43F008033B62FB681B684FF4EA
:108210008062DA61012387F82730BB6903F40073B9
:10822000002B0BD03B6A43F002033B62FB681B68E8
:108230004FF40072DA61012387F8273097F827306E
:10824000002B1CD0F868FFF73BFEFB681B685968E1
:10825000FB681A680D4B0B405360FB685A6C3B6A15
:108260001A43FB685A64FB68202283F84120FB68AC
:10827000002283F84220FB68002283F8402097F810
:10828000273018462837BD4680BD00BF00E800FEF5
:1082900080B487B000AFF8607B600B467B811346EB
:1082A0007B727B89C3F309027B7A1B0403F47F038F
:1082B0001A437B681A433B6A134323F000437B61F4
:1082C000FB681B685A683B6A5B0D03F48061084BCE
:1082D0000B43DB4302EA0301FB681B687A690A432C
:1082E0005A6000BF1C37BD465DF8047B704700BF75
:1082F000FF63FF0380B483B000AF786039607B68B0
:1083000093F84130DBB2202B38D17B6893F84030B2
:10831000012B01D1022332E07B68012283F8402047
:108320007B68242283F841207B681B681A687B687D
:108330001B6822F001021A607B681B681A687B6860
:108340001B6822F480521A607B681B6819687B687E
:108350001B683A680A431A607B681B681A687B6866
:108360001B6842F001021A607B68202283F84120DA
:108370007B68002283F84020002300E00223184697
:108380000C37BD465DF8047B704780B485B000AF04
:10839000786039607B6893F84130DBB2202B39D1AB
:1083A0007B6893F84030012B01D1022333E07B68D6
:1083B000012283F840207B68242283F841207B68D7
:1083C0001B681A687B681B6822F001021A607B68D0
:1083D0001B681B68FB60FB6823F47063FB603B68F1
:1083E0001B02FA681343FB607B681B68FA681A601B
:1083F0007B681B681A687B681B6842F001021A6080
:108400007B68202283F841207B68002283F840208B
:10841000002300E0022318461437BD465DF8047BB4
:10842000704780B584B000AF78607B68002B01D1C5
:10843000012357E0786800F059F87B681B684CF618
:10844000CC421A607B681B6845F255521A607B6803
:108450001B687A6852685A607B681B687A68926801
:108460009A607B681B69002B05D17B681B684FF401
:1084700080425A6106E07B681A697B681B6842F497
:1084800040425A61FEF77EFAF86011E0FEF77AFA90
:108490000246FB68D31A41F20102934208D97B6875
:1084A0001B68DB6803F00F03002B01D0032319E0E6
:1084B0007B681B68DB6803F00F03002BE6D17B6849
:1084C0001B681A697B68DB689A4205D07B681B6869
:1084D0007A68D2681A6104E07B681B684AF6AA22AF
:1084E0001A60002318461037BD4680BD80B483B0A3
:1084F00000AF786000BF0C37BD465DF8047B704765
:1085000080B483B000AF78607B681B684AF6AA220B
:108510001A60002318460C37BD465DF8047B70478F
:1085200080B586B002AF78607B68002B01D1012353
:10853000FEE07B6893F89534DBB2002B06D17B68B4
:10854000002283F894247868FDF7F0FF7B6803220B
:1085500083F895247B681B68184605F0A4F87B68AF
:1085600018687B681A7C8DF8002004330ECB04F069
:10857000B1FF0346002B05D07B68022283F89524C7
:108580000123D5E07B681B680021184605F09CF8A4
:108590000346002B05D07B68022283F89524012333
:1085A000C6E00023FB734AE0FA7B79681346DB00E0
:1085B00013449B000B44153301221A70FA7B79682F
:1085C0001346DB0013449B000B441433FA7B1A70F0
:1085D000FA7BFB7B98B279681346DB0013449B005F
:1085E0000B442E3302461A80FA7B79681346DB006F
:1085F00013449B000B44183300221A70FA7B7968ED
:108600001346DB0013449B000B441C3300221A600A
:10861000FA7B79681346DB0013449B000B4420333C
:1086200000221A60FA7B79681346DB0013449B0032
:108630000B44243300221A60FB7B0133FB737B68FD
:108640001B79FA7B9A42AFD30023FB7344E0FA7B99
:1086500079681346DB0013449B000B4403F2552357
:1086600000221A70FA7B79681346DB0013449B00E2
:108670000B4403F51573FA7B1A70FA7B796813467D
:10868000DB0013449B000B4403F5167300221A70A1
:10869000FA7B79681346DB0013449B000B4403F517
:1086A000177300221A60FA7B79681346DB001344C3
:1086B0009B000B4403F5187300221A60FA7B79685B
:1086C0001346DB0013449B000B4403F5197300228F
:1086D0001A60FB7B0133FB737B681B79FA7B9A4240
:1086E000B5D37B6818687B681A7C8DF8002004334A
:1086F0000ECB05F035F80346002B05D07B6802222F
:1087000083F89524012313E07B6800225A747B6868
:10871000012283F895247B681B7B012B02D17868AA
:1087200001F076F97B681B68184606F0D6F800233E
:1087300018461037BD4680BD80B582B000AF786066
:108740007B6893F89434012B01D1022312E07B68FB
:10875000012283F894247B681B68184604F092FF7A
:108760007B681B68184606F097F87B68002283F840
:108770009424002318460837BD4680BD90B58DB0BF
:1087800000AF78607B681B683B623B6AFB617B687B
:108790001B68184606F055F90346002B40F0D384B9
:1087A0007B681B68184606F0B9F80346002B00F0FA
:1087B000C984FB6903F500639B681B0AC3F30D02C0
:1087C0007B68C3F8D4247B681B68184606F0A6F8BB
:1087D000034603F00203022B07D17B681B685A692A
:1087E0007B681B6802F002025A617B681B681846AE
:1087F00006F094F8034603F01003102B61D17B6858
:108800001B689A697B681B6822F010029A613B6AB8
:108810001B6ABB61BB6903F00F021346DB00134404
:108820009B0003F514737A68134404337B61BB69BE
:1088300003F4F013B3F5802F24D1BA6947F6F0732F
:108840001340002B35D07B69D968BB691B099BB2EB
:10885000C3F30A039BB21A46386A05F09FFF7B698F
:10886000DA68BB691B09C3F30A031A447B69DA603F
:108870007B695A69BB691B09C3F30A031A447B6904
:108880005A6116E0BB6903F4F013B3F5402F10D121
:108890007B6803F29C4308221946386A05F07EFF84
:1088A0007B695A69BB691B09C3F30A031A447B69D4
:1088B0005A617B681B689A697B681B6842F01002EA
:1088C0009A617B681B68184606F028F8034603F493
:1088D0000023B3F5002F40F0A78000237B627B6864
:1088E0001B68184606F02DF8B86299E0BB6A03F0E1
:1088F0000103002B00F08E807B681B687A6AD2B27D
:108900001146184606F051F838613B6903F001033F
:10891000002B0CD07B6A5A01FB69134403F53063CA
:108920001A4601239360796A786800F0EBFE3B6990
:1089300003F00803002B0CD07B6A5A01FB69134437
:1089400003F530631A4608239360796A786800F06B
:10895000C1FF3B6903F01003002B08D07B6A5A016A
:10896000FB69134403F530631A46102393603B6997
:1089700003F00203002B30D03B6A5B6903F08003F5
:10898000802B09D1FB6903F500635B68FA6902F586
:10899000006243F4806353607A6A1346DB00134439
:1089A0009B0003F514737A68134404337B617B697D
:1089B000DB78012B08D17B690022DA707B6ADBB29D
:1089C00019467868FCF76CFF7B6A5A01FB6913440F
:1089D00003F530631A46022393603B6903F02003DA
:1089E000002B08D07B6A5A01FB69134403F53063FE
:1089F0001A46202393603B6903F40053002B09D0EF
:108A00007B6A5A01FB69134403F530631A464FF43D
:108A1000005393607B6A01337B62BB6A5B08BB6275
:108A2000BB6A002B7FF462AF7B681B68184605F0B9
:108A300075FF034603F48023B3F5802F40F0DB80FD
:108A40007B681B68184605F096FFB86200237B62BE
:108A5000CDE0BB6A03F00103002B00F0C2807B680D
:108A60001B687A6AD2B21146184605F0BCFF38611D
:108A70003B6903F00103002B57D07B6A03F00F031F
:108A8000012202FA03F3FB60FB6903F500635A6BF2
:108A9000FB68DB43F96901F5006113404B637B6AB6
:108AA0005A01FB69134403F510631A4601239360CE
:108AB0007B689B79012B32D179687A6A1346DB0097
:108AC00013449B000B442033196878687A6A134674
:108AD000DB0013449B0003441C331B681944786873
:108AE0007A6A1346DB0013449B0003442033196069
:108AF0007B6A002B13D179687A6A1346DB00134432
:108B00009B000B4424331B68002B08D17B6818683A
:108B10007B6803F29C431A46012105F0C3FF7B6A80
:108B2000DBB219467868FCF737FE3B6903F00803AF
:108B3000002B08D07B6A5A01FB69134403F51063CC
:108B40001A46082393603B6903F01003002B08D0FA
:108B50007B6A5A01FB69134403F510631A4610231C
:108B600093603B6903F04003002B08D07B6A5A01F5
:108B7000FB69134403F510631A46402393603B6975
:108B800003F00203002B23D0796A386A04F058FFFF
:108B90007A6A1346DB0013449B0010337A6813444F
:108BA00004337B617B69DB78012B08D17B69002270
:108BB000DA707B6ADBB219467868FCF783FE7B6A61
:108BC0005A01FB69134403F510631A4602239360AC
:108BD0003B6903F08003002B03D0796A786800F0CA
:108BE00004FD7B6A01337B62BB6A5B08BB62BB6AC4
:108BF000002B7FF42EAF7B681B68184605F08EFEB5
:108C0000034603F00043B3F1004F22D1FB6903F5A3
:108C100000635B68FA6902F5006223F001035360A8
:108C20007B6893F8CC34012B08D17B68002283F851
:108C3000CC2400217868FDF703F802E07868FCF79F
:108C400021FE7B681B685A697B681B6802F0004242
:108C50005A617B681B68184605F060FE034603F402
:108C60000063B3F5006F12D1FB6903F500639B68E5
:108C700003F00103012B02D17868FCF7DDFD7B686E
:108C80001B685A697B681B6802F400625A617B6842
:108C90001B68184605F042FE034603F00063B3F17B
:108CA000006F21D17B681B685A697B681B6802F0E2
:108CB00000625A617B6893F8CC34002B11D17B6839
:108CC000012283F8CC247B681B685B6D9B0803F052
:108CD0000F027B68C3F8D02401217868FCF7B0FF4D
:108CE00002E07868FCF7A8FD7B681B68184605F071
:108CF00015FE034603F48053B3F5805F40F0B78060
:108D0000FB6903F500635B68FA6902F5006223F012
:108D1000010353607B681B681021184604F090FE25
:108D20000023FB6246E0FB6A5A01FB69134403F52A
:108D300010631A464FF67F339360FB6A5A01FB6952
:108D4000134403F510631B68FA6A5101FA690A4477
:108D500002F5106223F400131360FB6A5A01FB69E9
:108D6000134403F530631A464FF67F339360FB6A72
:108D70005A01FB69134403F530631B68FA6A510119
:108D8000FA690A4402F5306223F400131360FB6AA7
:108D90005A01FB69134403F530631B68FA6A5101F9
:108DA000FA690A4402F5306243F000631360FB6A1B
:108DB0000133FB627B681B791A46FB6A9342B2D38C
:108DC000FB6903F50063DB69FA6902F5006243F0B1
:108DD0000113D3617B68DB7B002B16D0FB6903F5A5
:108DE0000063D3F88430FA6902F5006243F00B03A4
:108DF000C2F88430FB6903F500635B6CFA6902F525
:108E0000006243F00B03536415E0FB6903F5006354
:108E10005B69FA6902F5006243F4005343F02B03E7
:108E20005361FB6903F500631B69FA6902F500628F
:108E300043F00B031361FB6903F500631B68FA69D8
:108E400002F5006223F4FE6313607B6818687B6898
:108E500099797B6803F29C431A4605F023FE7B68F0
:108E60001B685A697B681B6802F480525A617B68F0
:108E70001B68184605F052FD034603F40053B3F592
:108E8000005F23D17B681B68184605F0E8FD7B680E
:108E90001B68184604F04DFE03461A467B68DA71DB
:108EA0007B681C6802F072F801467B68DB791A4621
:108EB000204604F045FB7868FCF796FC7B681B684D
:108EC0005A697B681B6802F400525A617B681B6810
:108ED000184605F023FD034603F00803082B0AD1CA
:108EE0007868FCF773FC7B681B685A697B681B68B1
:108EF00002F008025A617B681B68184605F00EFDF7
:108F0000034603F08003802B3DD13B6A9B6923F02D
:108F100080023B6A9A6101237B622EE079687A6A5B
:108F20001346DB0013449B000B4403F257231B78CA
:108F3000012B1FD17B6A5A01FB69134403F530638F
:108F40001B687A6A5101FA690A4402F5306243F0FB
:108F5000006313607B6A5A01FB69134403F53063B5
:108F60001B687A6A5101FA690A4402F5306243F0DB
:108F7000804313607B6A01337B627B681B791A46EE
:108F80007B6A9342CAD37B681B68184605F0C6FC0F
:108F9000034603F48013B3F5801F3CD101237B62A9
:108FA0002BE07B6A5A01FB69134403F510631B68CD
:108FB000BB6179687A6A1346DB0013449B000B445B
:108FC00018331B78012B15D1BB69002B12DA796895
:108FD0007A6A1346DB0013449B000B4417330122CB
:108FE0001A707B6ADBB263F07F03DBB219467868E4
:108FF00000F0CAFA7B6A01337B627B681B791A46F0
:109000007B6A9342CDD37B681B685A697B681B6877
:1090100002F480125A617B681B68184605F07EFCDA
:10902000034603F40013B3F5001F56D101237B62FE
:1090300045E07B6A5A01FB69134403F530631B6802
:10904000BB6179687A6A1346DB0013449B000B44CA
:1090500003F516731B78012B2ED1BB69002B2BDA7D
:10906000BB691A0C7B68D3F8D434534003F0010376
:10907000002B21D179687A6A1346DB0013449B00E8
:109080000B4403F2572301221A703B6A9B6943F099
:1090900080023B6A9A613B6A5B6903F08003002BA4
:1090A0000AD1FB6903F500635B68FA6902F50062A7
:1090B00043F40073536008E07B6A01337B627B6892
:1090C0001B791A467B6A9342B3D37B681B685A6943
:1090D0007B681B6802F400125A617B681B681846A3
:1090E00005F01CFC034603F08043B3F1804F0AD126
:1090F0007868FCF7F9FB7B681B685A697B681B681A
:1091000002F080425A617B681B68184605F006FC35
:10911000034603F00403042B15D17B681B685B68CE
:10912000BB61BB6903F00403002B02D07868FCF735
:10913000E9FB7B681B6859687B681B68BA690A434E
:109140005A6000E000BF3437BD4690BD80B582B0A4
:1091500000AF78600B46FB707B6893F89434012B6A
:1091600001D1022312E07B68012283F894247B68FA
:10917000FA785A747B681B68FA781146184605F02D
:1091800065FB7B68002283F8942400231846083787
:10919000BD4680BD80B584B000AF786008461146FA
:1091A0001A460346FB700B463B801346BB700023F8
:1091B000FB7297F90330002B0FDAFB7803F00F02F4
:1091C0001346DB0013449B0010337A6813440433C6
:1091D000FB60FB6801225A700FE0FB7803F00F027E
:1091E0001346DB0013449B0003F514737A681344A1
:1091F0000433FB60FB6800225A70FB7803F00F0316
:10920000DAB2FB681A703B88C3F30A02FB689A6003
:10921000FB68BA781A71FB685B78002B04D0FB6896
:109220001B781A46FB685A83BB78022B02D1FB6875
:1092300000225A717B6893F89434012B01D10223E8
:109240000EE07B68012283F894247B681B68F96830
:10925000184604F093FC7B68002283F89424FB7A80
:1092600018461037BD4680BD80B584B000AF786029
:109270000B46FB7097F90330002B0FDAFB7803F0F5
:109280000F021346DB0013449B0010337A6813442B
:109290000433FB60FB6801225A700FE0FB7803F097
:1092A0000F021346DB0013449B0003F514737A6826
:1092B00013440433FB60FB6800225A70FB7803F010
:1092C0000F03DAB2FB681A707B6893F89434012BB1
:1092D00001D102230EE07B68012283F894247B688D
:1092E0001B68F968184604F0D1FC7B68002283F8FB
:1092F0009424002318461037BD4680BD80B586B043
:1093000000AFF8607A603B600B46FB72FB7A03F0BB
:109310000F021346DB0013449B0003F51473FA6835
:10932000134404337B617B697A68DA607B693A684D
:109330001A617B6900225A617B6900225A70FB7AAC
:1093400003F00F03DAB27B691A70FB689B79012B7B
:1093500002D17A687B69DA61FB681868FB689B79DF
:109360001A46796904F06EFD002318461837BD4689
:1093700080BD80B483B000AF78600B46FB70FB7893
:1093800003F00F0279681346DB0013449B000B4483
:1093900003F51A731B6818460C37BD465DF8047B4D
:1093A000704780B586B000AFF8607A603B600B46CE
:1093B000FB72FB7A03F00F021346DB0013449B00A1
:1093C0001033FA68134404337B617B697A68DA608E
:1093D0007B693A681A617B6900225A617B690122C4
:1093E0005A70FB7A03F00F03DAB27B691A70FB68DC
:1093F0009B79012B02D17A687B69DA61FB68186876
:10940000FB689B791A46796904F01CFD0023184615
:109410001837BD4680BD80B584B000AF78600B467C
:10942000FB70FB7803F00F037A681279934201D93D
:1094300001234FE097F90330002B0FDAFB7803F09C
:109440000F021346DB0013449B0010337A68134469
:109450000433FB60FB6801225A700DE0FA78134672
:10946000DB0013449B0003F514737A681344043340
:10947000FB60FB6800225A70FB6801229A70FB783F
:1094800003F00F03DAB2FB681A707B6893F8943428
:10949000012B01D102231DE07B68012283F8942473
:1094A0007B681B68F968184605F066F8FB7803F0DE
:1094B0000F03002B09D17B6818687B6899797B685A
:1094C00003F29C431A4605F0EDFA7B68002283F80C
:1094D0009424002318461037BD4680BD80B584B063
:1094E00000AF78600B46FB70FB7803F00F037A68DF
:1094F0001279934201D9012342E097F90330002BFE
:109500000FDAFB7803F00F021346DB0013449B00D5
:1095100010337A6813440433FB60FB6801225A70ED
:109520000FE0FB7803F00F021346DB0013449B00AF
:1095300003F514737A6813440433FB60FB6800225C
:109540005A70FB6800229A70FB7803F00F03DAB2BE
:10955000FB681A707B6893F89434012B01D10223C5
:109560000EE07B68012283F894247B681B68F9680D
:10957000184605F06FF87B68002283F894240023D6
:1095800018461037BD4680BD80B584B000AF786006
:109590000B46FB7097F90330002B0CDAFB7803F0D5
:1095A0000F021346DB0013449B0010337A68134408
:1095B0000433FB600CE0FB7803F00F021346DB0082
:1095C00013449B0003F514737A6813440433FB605F
:1095D0007B681B68F968184604F0D2FE0346FB72EC
:1095E000FB7A18461037BD4680BD80B58AB002AF01
:1095F000786039607B681B687B617B693B613A6896
:109600001346DB0013449B0010337A681344043381
:10961000FB60FB685A69FB681B699A4201D9012308
:109620006BE0FB681A69FB685B69D31AFB61FB6836
:109630009B68FA699A4202D9FB689B68FB61FB69E7
:1096400003339B08BB612AE0FB681A69FB685B690E
:10965000D31AFB61FB689B68FA699A4202D9FB68DE
:109660009B68FB61FB6903339B08BB61FB68D9689E
:109670003B68DAB2FB6998B27B689B79009303463A
:10968000786905F04DF8FB68DA68FB691A44FB68F5
:10969000DA60FB685A69FB691A44FB685A613B68E7
:1096A0005A013B69134403F510639B699BB2BA6985
:1096B0009A4209D8FB685A69FB681B699A4203D22F
:1096C000FB681B69002BBFD1FB681A69FB685B69EB
:1096D0009A4211D83B6803F00F03012202FA03F308
:1096E000BB603B6903F500635A6BBB68DB433969B8
:1096F00001F5006113404B63002318462037BD4637
:1097000080BD000080B588B000AF786039607B68AC
:109710001B68FB61FB69BB61FB693C3304331B685D
:109720007B613B685A01BB69134403F530639B6856
:109730003B617B689B79012B7BD13B6903F008037C
:10974000002B15D07B69614A934240F2B9803B6996
:1097500003F40043002B00F0B3803B685A01BB695F
:10976000134403F530631A464FF400439360A7E0B7
:109770003B6903F02003002B09D03B685A01BB6909
:10978000134403F530631A462023936098E03B6945
:1097900003F02803002B40F093807B694B4A9342EF
:1097A0000FD93B6903F40043002B0AD03B685A01F0
:1097B000BB69134403F530631A464FF400439360CA
:1097C0007EE03A681346DB0013449B0003F51473F4
:1097D0007A6813440433FB60FB681A6A3B685901DA
:1097E000BB690B4403F530631B69C3F31203D21A40
:1097F000FB685A613B68002B14D1FB681B69002B86
:1098000009D17B6818687B6803F29C431A460121E2
:1098100005F048F906E0FB68DA68FB685B691A4402
:10982000FB68DA603B68DBB219467868FBF799FFA2
:1098300046E07B69264A934224D13B6903F4004306
:10984000002B0AD03B685A01BB69134403F530630F
:109850001A464FF40043936032E03B6903F0200363
:10986000002B08D03B685A01BB69134403F53063F1
:109870001A46202393603B68DBB219467868FBF7F1
:1098800070FF1DE03B68002B14D179683A681346DD
:10989000DB0013449B000B4403F519731B68002B7A
:1098A00008D17B6818687B6803F29C431A46002144
:1098B00005F0F8F83B68DBB219467868FBF751FF12
:1098C000002318462037BD4680BD00BF0A30544FE4
:1098D0000A31544F80B586B000AF786039607B683C
:1098E0001B687B617B693B617B693C3304331B688C
:1098F000FB603B685A013B69134403F530639B6886
:10990000BB60FB68154A93420ED9BB6803F4004361
:10991000002B09D03B685A013B69134403F53063BF
:109920001A464FF4004393607868FBF708FFFB6822
:109930000A4A93420CD97B689B79012B08D17B683A
:1099400018687B6803F29C431A46012105F0AAF8C7
:10995000002318461837BD4680BD00BF0A30544F5B
:1099600080B485B000AF78600B46FB7013463B8037
:109970007B681B685B6ABB60FB78002B07D13B8868
:1099800019047B681B68BA680A439A6228E07B68FE
:109990001B689B6A1B0CBA681344BB600023FB73F3
:1099A0000DE07B681A68FB7B40339B0013445B68C7
:1099B0001B0CBA681344BB60FB7B0133FB73FA7B5F
:1099C000FB78013B9A42ECD33B8818047B6819680A
:1099D000FB78013BBA68024340339B000B445A605A
:1099E000002318461437BD465DF8047B704780B4E9
:1099F00083B000AF78600B467B807B681B687A88F9
:109A00005A62002318460C37BD465DF8047B704748
:109A100080B485B000AF78607B681B68FB607B68B2
:109A20000122C3F8D8247B68002283F8CC24FB6889
:109A30009B6943F00062FB689A61FB685B6D43F0D1
:109A4000805343F00303FA68536500231846143724
:109A5000BD465DF8047B704780B400AF054B9B6A40
:109A6000044A43F00103936200BFBD465DF8047BE6
:109A7000704700BF0008024680B485B000AF786030
:109A8000394BDB6B03F44033BB60BA687B689A42A6
:109A90000BD17B68B3F5803F05D9334BDB68324A85
:109AA00043F48023D360002357E07B68B3F5803F05
:109AB0000AD92D4BDB6823F4E0227B6813432A4A42
:109AC00043F48023D36007E0274BDB6823F4E022D4
:109AD00025497B681343CB60244B1B68244AA2FBB7
:109AE00003239B09322202FB03F3214AA2FB032337
:109AF0009B090133FB6002E0FB68013BFB601A4BF2
:109B0000DB6803F40043002B02D1FB68002BF3D188
:109B1000FB68002B1BD0154B1B68154AA2FB0323C7
:109B20009B09322202FB03F3114AA2FB03239B0988
:109B30000133FB6002E0FB68013BFB600A4BDB6B1F
:109B400003F40043002B02D1FB68002BF3D1FB6828
:109B5000002B01D1032300E0002318461437BD4633
:109B60005DF8047B704700BF00080246000100203A
:109B7000D34D621080B400AF044BDB6B03F4403371
:109B80001846BD465DF8047B704700BF00080246DA
:109B900080B400AF054B1B69044A43F08053136146
:109BA00000BFBD465DF8047B704700BF0008024659
:109BB00080B582B000AFFFF7DDFF78607B68B3F55A
:109BC000403F03D07B68B3F5003F07D1064BDB680D
:109BD000054A43F4C013D360002300E00123184674
:109BE0000837BD4680BD00BF0008024680B58EB074
:109BF00000AF7860002387F837307B68002B02D1F4
:109C0000012300F0C8BE994BDB6903F00C033B63F2
:109C1000964B9B6A03F00303FB627B681B6803F0AF
:109C20001003002B00F06C813B6B002B07D03B6BCB
:109C30000C2B40F0DE80FB6A012B40F0DA807B6861
:109C4000DB69002B02D1012300F0A5BE7B685A6AB4
:109C5000864B9B6803F40003002B04D0834B9B6866
:109C600003F0704305E0814BD3F8F4301B0403F09C
:109C70007043934255D23B6B002B0AD17B685B6AE1
:109C8000184601F09DF90346002B02D0012300F095
:109C900082BE764B9B68754A43F400039360734B16
:109CA0009B6823F070427B685B6A704913438B604A
:109CB0007B685B6AB3F1404F09D36C4BDB6823F0E0
:109CC0001F027B681B6A69491343CB607EE07B6897
:109CD0005B6A002B0ADA654BDB6823F478727B68D9
:109CE0001B6A5B0161491343CB606FE07B685B6A71
:109CF000B3F1804F0AD35D4BDB6823F4F8427B68F5
:109D00001B6A9B0259491343CB605FE0574BDB68EA
:109D100023F478227B681B6ADB0354491343CB602E
:109D200054E0524B9B68514A43F4000393604F4BFD
:109D30009B6823F070427B685B6A4C4913438B60DD
:109D40007B685B6AB3F1404F09D3484BDB6823F073
:109D50001F027B681B6A45491343CB6028E07B6880
:109D60005B6A002B0ADA414BDB6823F478727B686C
:109D70001B6A5B013D491343CB6019E07B685B6A5A
:109D8000B3F1804F0AD3394BDB6823F4F8427B6888
:109D90001B6A9B0235491343CB6009E0334BDB68F8
:109DA00023F478227B681B6ADB0330491343CB60C2
:109DB0003B6B002B0AD17B685B6A184601F000F907
:109DC0000346002B02D0012300F0E5BD01F0DEF8D0
:109DD000274B1B681846FCF74BFD034687F82730D6
:109DE00097F82730002B00F08A8097F8273000F092
:109DF000D2BD7B68DB69002B66D01C4B1B681B4AFD
:109E000043F001031360FCF7BDFDB86209E0FCF705
:109E1000B9FD0246BB6AD31A022B02D9032300F014
:109E2000BABD124B1B6803F00403002BEFD00F4B9D
:109E30009B680E4A43F4000393600C4B9B6823F02D
:109E400070427B685B6A094913438B607B685B6A7D
:109E5000B3F1404F0ED3054BDB6823F01F027B6844
:109E60001B6A02491343CB604AE000BF000C024664
:109E7000040100207B685B6A002B0ADA984BDB68E0
:109E800023F478727B681B6A5B0195491343CB60AE
:109E900036E07B685B6AB3F1804F0AD3904BDB6896
:109EA00023F4F8427B681B6A9B028D491343CB6005
:109EB00026E08B4BDB6823F478227B681B6ADB038C
:109EC00087491343CB601BE0854B1B68844A23F012
:109ED00001031360FCF756FDB86209E0FCF752FD80
:109EE0000246BB6AD31A022B02D9032300F053BDEA
:109EF0007B4B1B6803F00403002BEFD100E000BF95
:109F00007B681B6803F00103002B00F08B803B6B28
:109F1000082B05D03B6B0C2B09D1FB6A032B06D118
:109F20007B685B68002B7DD1012300F034BD7B682A
:109F30005B68B3F5803F06D1694B1B68684A43F400
:109F40008033136041E07B685B68B3F5A02F12D1CA
:109F5000634B1B68624A43F480231360604B1B68A9
:109F60005F4A23F4801313605D4B1B685C4A43F423
:109F70008033136029E07B685B68B3F5A81F12D1BA
:109F8000574B1B68564A43F480231360544B1B689D
:109F9000534A43F480131360514B1B68504A43F4F7
:109FA0008033136011E04E4B1B684D4A23F480331D
:109FB00013604B4B1B684A4A23F480231360484BC1
:109FC0001B68474A23F4801313607B685B68002B8F
:109FD00014D0FCF7D7FCB86209E0FCF7D3FC0246CA
:109FE000BB6AD31A642B02D9032300F0D4BC3C4BC8
:109FF0001B6803F40033002BEFD013E0FCF7C2FC26
:10A00000B86209E0FCF7BEFC0246BB6AD31A642BB7
:10A0100002D9032300F0BFBC314B1B6803F40033AB
:10A02000002BEFD17B681B6803F00203002B5FD08D
:10A030003B6B042B05D03B6B0C2B14D1FB6A022B22
:10A0400011D17B68DB68002B02D1012300F0A3BC97
:10A05000234B1B6923F4F8127B681B691B042049FE
:10A0600013430B6144E07B68DB68002B24D01C4B5E
:10A070001B681B4A43F480731360FCF783FCB862CF
:10A0800009E0FCF77FFC0246BB6AD31A022B02D917
:10A09000032300F080BC124B1B6803F48063002B89
:10A0A000EFD00F4B1B6923F4F8127B681B691B046C
:10A0B0000B4913430B611BE0094B1B68084A23F44F
:10A0C00080731360FCF75EFCB8620BE0FCF75AFC8F
:10A0D0000246BB6AD31A022B04D9032300F05BBCEF
:10A0E000000C0246AF4B1B6803F48063002BEDD1DC
:10A0F0007B681B6803F00803002B00F0C880002376
:10A1000087F83630A74BD3F8943003F00403002BC4
:10A1100011D1A44BD3F89430A24A43F00403C2F8FF
:10A120009430A04BD3F8943003F004037B617B6937
:10A13000012387F836309C4B9B6A03F00103002B08
:10A1400019D1994B9B6A984A43F001039362FCF73B
:10A1500019FCB86209E0FCF715FC0246BB6AD31A89
:10A16000022B02D9032300F016BC8F4B9B6A03F02D
:10A170000103002BEFD07B685B69002B5FD0894B1C
:10A18000D3F8F0303B627B689A693B6A03F08053F6
:10A190009A4237D03B6A03F00063002B06D03B6A3B
:10A1A00003F08063002B01D10123F4E33B6A03F049
:10A1B0008063002B1BD07B4BD3F8F030794A23F01F
:10A1C000A053C2F8F030FCF7DDFBB86208E0FCF702
:10A1D000D9FB0246BB6AD31A052B01D90323DAE364
:10A1E000704BD3F8F03003F00063002BEFD16D4BD0
:10A1F000D3F8F03023F080527B689B6969491343A0
:10A20000C1F8F030674BD3F8F030664A43F0806312
:10A21000C2F8F030FCF7B6FBB86208E0FCF7B2FB1E
:10A220000246BB6AD31A052B01D90323B3E35D4B66
:10A23000D3F8F03003F00063002BEFD01BE0594B54
:10A24000D3F8F030574A23F0A053C2F8F030FCF7AF
:10A2500099FBB86208E0FCF795FB0246BB6AD31A8B
:10A26000052B01D9032396E34E4BD3F8F03003F0CE
:10A270000063002BEFD197F83630012B07D1494B03
:10A28000D3F89430474A23F00403C2F894307B6833
:10A290001B6803F00403002B00F01181002387F8F2
:10A2A0003530404BD3F8943003F00403002B11D128
:10A2B0003C4BD3F894303B4A43F00403C2F894304B
:10A2C000384BD3F8943003F004033B613B6901231E
:10A2D00087F83530344B9B6A03F00103002B18D10B
:10A2E000314B9B6A304A43F001039362FCF74AFB0F
:10A2F000B86208E0FCF746FB0246BB6AD31A022BA1
:10A3000001D9032347E3284B9B6A03F00103002B89
:10A31000F0D07B689B6803F00103002B1FD07B68A3
:10A320009B6803F00403002B10D01E4BD3F8F030D1
:10A330001C4A43F00403C2F8F0301A4BD3F8F03053
:10A34000184A43F00103C2F8F03018E0154BD3F877
:10A35000F030144A43F00103C2F8F0300FE0114B23
:10A36000D3F8F0300F4A23F00103C2F8F0300D4B60
:10A37000D3F8F0300B4A23F00403C2F8F0307B68C6
:10A380009B68002B57D0FCF7FDFAB8620EE0FCF793
:10A39000F9FA0246BB6AD31A41F28832934205D9D0
:10A3A0000323F8E2000C0246000802469C4BD3F857
:10A3B000F03003F00203002BE9D07B689B6803F0C8
:10A3C0008003002B1BD0964BD3F8F030944A43F017
:10A3D0008003C2F8F0300AE0FCF7D4FA0246BB6A08
:10A3E000D31A41F28832934201D90323D3E28C4B32
:10A3F000D3F8F03003F40063002BEDD053E0884B2A
:10A40000D3F8F030864A23F08003C2F8F0300AE037
:10A41000FCF7B8FA0246BB6AD31A41F2883293427B
:10A4200001D90323B7E27E4BD3F8F03003F4006385
:10A43000002BEDD137E0FCF7A5FAB8620AE0FCF793
:10A44000A1FA0246BB6AD31A41F28832934201D97B
:10A450000323A0E2724BD3F8F03003F00203002B89
:10A46000EDD16F4BD3F8F03003F08003002B1AD0FE
:10A470006B4BD3F8F0306A4A23F08003C2F8F03017
:10A480000AE0FCF77FFA0246BB6AD31A41F288322F
:10A49000934201D903237EE2614BD3F8F03003F4F9
:10A4A0000063002BEDD197F83530012B07D15C4BC1
:10A4B000D3F894305A4A23F00403C2F894307B68EE
:10A4C0001B6803F02003002B36D07B68DB6A002B6F
:10A4D00019D0534B1B68524A43F480531360FCF766
:10A4E00051FAB86208E0FCF74DFA0246BB6AD31A8B
:10A4F000022B01D903234EE2494B1B6803F400539E
:10A50000002BF0D018E0464B1B68454A23F48053DB
:10A510001360FCF737FAB86208E0FCF733FA02463A
:10A52000BB6AD31A022B01D9032334E23C4B1B68CC
:10A5300003F40053002BF0D17B681B6803F0800309
:10A54000002B36D07B681B6B002B19D0344B1B685B
:10A55000334A43F480431360FCF714FAB86208E00E
:10A56000FCF710FA0246BB6AD31A022B01D9032367
:10A5700011E22B4B1B6803F40043002BF0D018E0D2
:10A58000274B1B68264A23F480431360FCF7FAF933
:10A59000B86208E0FCF7F6F90246BB6AD31A022B50
:10A5A00001D90323F7E11E4B1B6803F40043002B82
:10A5B000F0D17B681B6803F04003002B7FD07B68E1
:10A5C0005B6B002B62D0164B9B68154A43F400036B
:10A5D0009360134B9B6823F070627B689B6A104901
:10A5E00013438B607B685B6AB3F1404F09D30C4B1C
:10A5F000DB6823F01F027B681B6A09491343CB60A9
:10A600002AE07B685B6A002B0CDA054BDB6823F4DD
:10A6100078727B681B6A5B0101491343CB601BE0C6
:10A62000000C02467B685B6AB3F1804F0AD3A14BF2
:10A63000DB6823F4F8427B681B6A9B029D49134345
:10A64000CB6009E09B4BDB6823F478227B681B6AB4
:10A65000DB0398491343CB60964B1B68954A43F044
:10A6600010031360FCF78EF9B86208E0FCF78AF972
:10A670000246BB6AD31A022B01D903238BE18D4B0F
:10A680001B6803F02003002BF0D018E0894B1B68F7
:10A69000884A23F010031360FCF774F9B86208E0ED
:10A6A000FCF770F90246BB6AD31A022B01D90323C7
:10A6B00071E1804B1B6803F02003002BF0D17B6815
:10A6C0009B6B002B00F06681002387F83430794BB8
:10A6D000DB6903F00C030C2B00F0F2807B689B6BB2
:10A6E000022B40F0C580734B1B68724A23F08073C5
:10A6F0001360FCF747F9B86208E0FCF743F902463B
:10A70000BB6AD31A022B01D9032344E1694B1B68AE
:10A7100003F00073002BF0D1664BD3F8943003F0B4
:10A720000403002B11D1634BD3F89430614A43F0FA
:10A730000403C2F894305F4BD3F8943003F0040361
:10A74000FB60FB68012387F834305B4BDB6803F464
:10A750008023B3F5802F02D1012387F83730564B81
:10A76000DB68554A23F48023D360524B9B6A23F461
:10A770007F4323F003037A68D16B7A68126C013A45
:10A78000120211437A68526C0A434A4913438B629E
:10A79000484B5A6B494B13407A68926C013AC2F3AA
:10A7A00008017A68D26C013A520292B211437A6877
:10A7B000126D013A120402F4FE0211437A68526DDE
:10A7C000013A120602F0FE420A433A4913434B6330
:10A7D000384B9B6A374A23F0100393627B68DB6D2A
:10A7E000344ADB009363334B9B6A324A43F01003D5
:10A7F0009362304B9B6A23F00C027B689B6D2D4962
:10A8000013438B6297F83730012B05D12A4BDB6855
:10A81000294A43F48023D36097F83430012B07D1C1
:10A82000244BD3F89430234A23F00403C2F8943025
:10A83000204B1B681F4A43F080731360FCF7A2F89B
:10A84000B86208E0FCF79EF80246BB6AD31A022BF6
:10A8500001D903239FE0174B1B6803F00073002B03
:10A86000F0D0144B9B6A134A43F48023936291E027
:10A87000104B1B680F4A23F080731360FCF782F8BB
:10A88000B86208E0FCF77EF80246BB6AD31A022BD6
:10A8900001D903237FE0074B1B6803F00073002BF3
:10A8A000F0D1044B9B6A034A23F4E02323F0030313
:10A8B00093626FE0000C02460008024600008080B0
:10A8C000374B9B6AFB61364B5B6BBB617B689B6B59
:10A8D000012B39D0FB6903F003027B68DB6B9A42E2
:10A8E00032D1FB691B0A03F00F027B681B6C013B32
:10A8F0009A4229D1FB6903F470427B685B6C9A42EF
:10A9000022D1BB69C3F308027B689B6C013B9A426E
:10A910001AD1BB695B0A03F07F027B68DB6C013BE9
:10A920009A4211D1BB691B0C03F07F027B681B6D3F
:10A93000013B9A4208D1BB691B0E03F07F027B6882
:10A940005B6D013B9A4201D0012324E0144B9B6BC9
:10A95000DB08C3F30C027B68DB6D9A421AD0104B04
:10A960009B6A0F4A23F010039362FCF70BF8B8625E
:10A9700000BFFCF707F80246BB6A9342F9D07B6838
:10A98000DB6D074ADB009363054B9B6A044A43F087
:10A9900010039362002318463837BD4680BD00BFC0
:10A9A000000C024680B586B000AF786039607B68E5
:10A9B000002B01D10123D9E19B4B1B6803F00F034E
:10A9C0003A689A4210D9984B1B6823F00F029649B7
:10A9D0003B6813430B60944B1B6803F00F033A680A
:10A9E0009A4201D00123C1E17B681B6803F0100388
:10A9F000002B10D07B685A698C4B5B6A03F07003A4
:10AA00009A4208D9894B5B6A23F070027B685B69C4
:10AA1000864913434B627B681B6803F00803002BD5
:10AA200012D07B681A69814B1B6A1B0903F0700303
:10AA30009A4209D97D4B1B6A23F4E0627B681B694B
:10AA40001B017A4913430B627B681B6803F0040304
:10AA5000002B10D07B68DA68744B1B6A03F070031C
:10AA60009A4208D9714B1B6A23F070027B68DB683D
:10AA70006E4913430B627B681B6803F00203002BD3
:10AA800010D07B689A68694B1B6A03F00F039A42E7
:10AA900008D9664B1B6A23F00F027B689B686349E9
:10AAA00013430B627B681B6803F00103002B00F06B
:10AAB000D2800023FB757B685B68032B43D15B4B23
:10AAC000D3F8943003F00403002B10D1574BD3F884
:10AAD0009430564A43F00403C2F89430534BD3F8F1
:10AAE000943003F00403BB60BB680123FB75FBF7E4
:10AAF00049FF38614E4BDB6803F48023002B0FD0F5
:10AB000008E0FBF73FFF02463B69D31A022B01D94D
:10AB100003232BE1464BDB6803F48043002BF0D08A
:10AB2000FB7D012B07D1414BD3F894303F4A23F0F2
:10AB30000403C2F894303D4B1B6803F00073002BF4
:10AB400021D1012312E17B685B68022B07D1374BCF
:10AB50001B6803F40033002B15D1012306E17B6849
:10AB60005B68002B07D1314B1B6803F00403002BFB
:10AB700009D10123FAE02D4B1B6803F48063002BFD
:10AB800001D10123F2E0294BDB6923F003027B684A
:10AB90005B6826491343CB61FBF7F4FE38617B68A1
:10ABA0005B68032B12D10AE0FBF7ECFE02463B691F
:10ABB000D31A41F28832934201D90323D6E01B4BCA
:10ABC000DB6903F00C030C2BEED144E07B685B687F
:10ABD000022B12D10AE0FBF7D5FE02463B69D31ADD
:10ABE00041F28832934201D90323BFE00F4BDB6966
:10ABF00003F00C03082BEED12DE07B685B68002B83
:10AC000023D10AE0FBF7BEFE02463B69D31A41F2AC
:10AC10008832934201D90323A8E0044BDB6903F097
:10AC20000C03002BEED116E000200240000C02467F
:10AC300000080246FBF7A6FE02463B69D31A41F222
:10AC40008832934201D9032390E04A4BDB6903F039
:10AC50000C03042BEED17B681B6803F00203002B6E
:10AC600010D07B689A68434B1B6A03F00F039A422B
:10AC700008D2404B1B6A23F00F027B689B683D495A
:10AC800013430B623C4B1B6803F00F033A689A4274
:10AC900010D2394B1B6823F00F0237493B6813432E
:10ACA0000B60354B1B6803F00F033A689A4201D0E2
:10ACB00001235BE07B681B6803F00403002B10D0CA
:10ACC0007B68DA682B4B1B6A03F070039A4208D248
:10ACD000284B1B6A23F070027B68DB68254913430D
:10ACE0000B627B681B6803F00803002B12D07B68A3
:10ACF0001A69204B1B6A1B0903F070039A4209D2A0
:10AD00001C4B1B6A23F4E0627B681B691B01194919
:10AD100013430B627B681B6803F01003002B10D0F9
:10AD20007B685A69134B5B6A03F070039A4208D23E
:10AD3000104B5B6A23F070027B685B690D4913431B
:10AD40004B6200F021F802460A4B1B6A03F00F0326
:10AD50000A49CB5C22FA03F3094A1360094B1B68CA
:10AD60001846FBF785FD0346FB73FB7B1846183737
:10AD7000BD4680BD000C024600200240C0EC000829
:10AD8000000100200401002080B48BB000AF00233C
:10AD90007B6200233B62784BDB6903F00C03BB61F1
:10ADA000754B9B6A03F003037B61BB69002B05D0E5
:10ADB000BB690C2B21D17B69012B1ED16E4B9B688B
:10ADC00003F40003002B07D16B4BD3F8F4301B0BBB
:10ADD00003F00F037B6205E0674B9B681B0F03F0DA
:10ADE0000F037B62654A7B6A52F823307B62BB6942
:10ADF000002B10D17B6A3B620DE05F4BDB6903F0F7
:10AE00000C03042B02D15E4B3B6204E0BB69082BB0
:10AE100001D15B4B3B62BB690C2B40F0A580564BCC
:10AE20009B6A03F003033B61534B9B6A1B0A03F0CD
:10AE30000F030133FB60504B9B6A1B0903F00103B6
:10AE4000BB604D4B9B6BDB08C3F30C03BA6802FB82
:10AE500003F307EE903AF8EE677AC7ED017A3B69A3
:10AE6000022B03D03B69032B22D043E0FB6807EEA3
:10AE7000903AF8EE677ADFED436A86EEA77A3E4BAA
:10AE80005B6BC3F3080307EE903AF8EE676A97ED41
:10AE9000016ADFED3D5AC6EE257A76EEA77AF7EE27
:10AEA000006A77EEA67A67EE277AC7ED077A46E062
:10AEB000FB6807EE903AF8EE677ADFED326A86EECD
:10AEC000A77A2D4B5B6BC3F3080307EE903AF8EEBD
:10AED000676A97ED016ADFED2C5AC6EE257A76EEA9
:10AEE000A77AF7EE006A77EEA67A67EE277AC7EDC3
:10AEF000077A24E07B6A07EE903AF8EE676AFB680F
:10AF000007EE903AF8EE677A86EEA77A1A4B5B6BFB
:10AF1000C3F3080307EE903AF8EE676A97ED016A0B
:10AF2000DFED195AC6EE257A76EEA77AF7EE006ABB
:10AF300077EEA67A67EE277AC7ED077A00BF0E4B49
:10AF40005B6B1B0E03F07F0301333B603B6807EE36
:10AF5000903AB8EE677AD7ED076AC6EE877AFCEECC
:10AF6000E77A17EE903A3B623B6A18462C37BD46AB
:10AF70005DF8047B704700BF000C0246D0EC00086F
:10AF80000024F4000024744B0000004680B500AF9C
:10AF9000FFF7FAFE0246074B1B6A03F00F03064950
:10AFA000CB5C22FA03F3054A1360044B1B68184676
:10AFB00080BD00BF000C0246C0EC0008000100206C
:10AFC00080B586B000AF78603E4BD3F8943003F084
:10AFD0000403002B03D0FEF7CDFD786119E0394B57
:10AFE000D3F89430374A43F00403C2F89430354B19
:10AFF000D3F8943003F00403FB60FB68FEF7BAFD5E
:10B000007861304BD3F894302E4A23F00403C2F811
:10B0100094307B69B3F5403F03D07B69B3F5003FC3
:10B0200009D17B68B3F1805F02D201233B6133E039
:10B0300000233B6130E07B68B3F1805F08D27B691D
:10B04000B3F5803F02D103233B6125E0012335E0C6
:10B050007B68B3F1005F0FD97B69002B09D17B6856
:10B06000B3F1405F02D900233B6115E001233B614E
:10B0700012E000233B610FE07B68B3F1805F09D1F0
:10B080007B69B3F5803F02D101233B6104E00223D9
:10B090003B6101E001233B610B4B1B6823F00F0276
:10B0A00009493B6913430B60074B1B6803F00F030F
:10B0B0003A699A4201D0012300E00023184618376C
:10B0C000BD4680BD000C0246002002402DE9B04F75
:10B0D000C4B000AFC7F8FC00002387F80B31002391
:10B0E00087F80A31D7F8FC30D3E9002302F00104D5
:10B0F000002554EA05030BD0D54BD3F8E03023F0FC
:10B100000301D7F8FC301B6DD14A0B43C2F8E03085
:10B11000D7F8FC30D3E9002302F002084FF0000911
:10B1200058EA09030BD0CA4BD3F8E03023F00C01E6
:10B13000D7F8FC305B6DC64A0B43C2F8E030D7F855
:10B14000FC30D3E9002302F0040A4FF0000B5AEA66
:10B150000B030BD0BE4BD3F8E03023F03001D7F80F
:10B16000FC309B6DBA4A0B43C2F8E030D7F8FC3094
:10B17000D3E9002302F00803C7F8F0300023C7F832
:10B18000F430D7E93C120B4613430BD0B04BD3F845
:10B19000E03023F0C001D7F8FC30DB6DAC4A0B4344
:10B1A000C2F8E030D7F8FC30D3E9002302F01003F6
:10B1B000C7F8E8300023C7F8EC30D7E93A120B465D
:10B1C00013430BD0A24BD3F8E03023F44071D7F8EF
:10B1D000FC301B6E9E4A0B43C2F8E030D7F8FC30BF
:10B1E000D3E9002302F00053C7F8E0300023C7F88A
:10B1F000E430D7E938120B4613430BD0944BD3F805
:10B20000E43023F44031D7F8FC305B6E904A0B43B6
:10B21000C2F8E430D7F8FC30D3E9002302F0200371
:10B22000C7F8D8300023C7F8DC30D7E936120B4610
:10B2300013430BD0864BD3F8E83023F00701D7F83F
:10B24000FC309B6E824A0B43C2F8E830D7F8FC30E2
:10B25000D3E9002302F04003C7F8D0300023C7F839
:10B26000D430D7E934120B4613430BD0784BD3F8C4
:10B27000E03023F44061D7F8FC30DB6E744A0B43B6
:10B28000C2F8E030D7F8FC30D3E9002302F08003A5
:10B29000C7F8C8300023C7F8CC30D7E932120B46C4
:10B2A00013430BD06A4BD3F8E03023F44051D7F866
:10B2B000FC301B6F664A0B43C2F8E030D7F8FC3015
:10B2C000D3E9002302F48073C7F8C0300023C7F825
:10B2D000C430D7E930120B4613430BD05C4BD3F884
:10B2E000E83023F0C001D7F8FC305B6F584A0B43BD
:10B2F000C2F8E830D7F8FC30D3E9002302F4800329
:10B30000C7F8B8300023C7F8BC30D7E92E120B4677
:10B3100013430BD04E4BD3F8E03023F44041D7F821
:10B32000FC309B6F4A4A0B43C2F8E030D7F8FC3040
:10B33000D3E9002302F08043C7F8B0300023C7F8F8
:10B34000B430D7E92C120B4613430BD0404BD3F843
:10B35000E43023F04071D7F8FC30DB6F3C4A0B43FC
:10B36000C2F8E430D7F8FC30D3E9002302F0004300
:10B37000C7F8A8300023C7F8AC30D7E92A120B462B
:10B3800013430CD0324BD3F8E43023F04061D7F8AC
:10B39000FC30D3F880302E4A0B43C2F8E430D7F8A3
:10B3A000FC30D3E9002302F40073C7F8A030002377
:10B3B000C7F8A430D7E928120B4613430CD0244B0E
:10B3C000D3F8E83023F44061D7F8FC30D3F8843068
:10B3D0001F4A0B43C2F8E830D7F8FC30D3E900230A
:10B3E00002F48063C7F898300023C7F89C30D7E98F
:10B3F00026120B4613430CD0154BD3F8E03023F440
:10B400004021D7F8FC30D3F88830114A0B43C2F8FA
:10B41000E030D7F8FC30D3E9002302F40063C7F82A
:10B4200090300023C7F89430D7E924120B46134319
:10B4300010D0074BD3F8E83023F44071D7F8FC3034
:10B44000D3F88C30024A0B43C2F8E83002E000BF68
:10B45000000C0246D7F8FC30D3E9002302F4005375
:10B46000C7F888300023C7F88C30D7E922120B4682
:10B4700013434CD0D7F8FC30D3F89C30802B2DD020
:10B48000802B27D8602B2BD0602B23D8402B06D0C5
:10B49000402B1FD8002B09D0202B11D01AE0BE4B17
:10B4A0009B6ABD4A43F4803393621AE0D7F8FC30BC
:10B4B0000833184600F0C6FC034687F80B3110E04D
:10B4C000D7F8FC302C33184600F054FD034687F8BB
:10B4D0000B3106E0012387F80B3102E000BF00E0EA
:10B4E00000BF97F80B31002B0DD1AB4BD3F8E430F4
:10B4F00023F0E001D7F8FC30D3F89C30A64A0B4388
:10B50000C2F8E43003E097F80B3187F80A31D7F836
:10B51000FC30D3E9002302F48043C7F880300023D5
:10B52000C7F88430D7E920120B46134353D0D7F81D
:10B53000FC30D3F8A030B3F5806F33D0B3F5806F13
:10B540002CD8B3F5407F2FD0B3F5407F26D8B3F584
:10B55000007F08D0B3F5007F20D8002B0AD0B3F5C8
:10B56000807F11D01AE08C4B9B6A8B4A43F4803366
:10B5700093621AE0D7F8FC300833184600F062FCFA
:10B58000034687F80B3110E0D7F8FC302C3318460F
:10B5900000F0F0FC034687F80B3106E0012387F842
:10B5A0000B3102E000BF00E000BF97F80B31002B29
:10B5B0000DD1794BD3F8E43023F4E061D7F8FC30B7
:10B5C000D3F8A030744A0B43C2F8E43003E097F894
:10B5D0000B3187F80A31D7F8FC30D3E9002302F4A5
:10B5E0000043BB670023FB67D7E91E120B461343DA
:10B5F00046D0D7F8FC30D3F8B430B3F5A04F28D0FC
:10B60000B3F5A04F21D8B3F5804F22D0B3F5804FCA
:10B610001BD8B3F5405F1CD0B3F5405F15D8B3F528
:10B62000005F08D0B3F5005F0FD8002B11D0B3F541
:10B63000805F0ED009E0D7F8FC300833184600F0E0
:10B6400001FC034687F80B3104E0012387F80B3136
:10B6500000E000BF97F80B31002B0DD14E4BD3F813
:10B66000E83023F4E041D7F8FC30D3F8B4304A4A4C
:10B670000B43C2F8E83003E097F80B3187F80A3142
:10B68000D7F8FC30D3E9002302F480333B67002372
:10B690007B67D7E91C120B4613433FD0D7F8FC3029
:10B6A000D3F89430042B1ED801A252F823F000BF27
:10B6B000EFB60008C5B60008D3B60008EFB600081C
:10B6C000EFB60008344B9B6A334A43F480339362ED
:10B6D0000EE0D7F8FC302C33184600F04BFC034644
:10B6E00087F80B3104E0012387F80B3100E000BF3D
:10B6F00097F80B31002B0DD1274BD3F8E43023F012
:10B700000701D7F8FC30D3F89430234A0B43C2F832
:10B71000E43003E097F80B3187F80A31D7F8FC30B2
:10B72000D3E9002302F40033BB660023FB66D7E9AC
:10B730001A120B4613434CD0D7F8FC30D3F898308C
:10B74000B3F5802F2AD0B3F5802F21D8B3F5403F31
:10B7500026D0B3F5403F1BD8B3F5003F0ED0B3F56C
:10B76000003F15D8002B1DD0B3F5803F10D10A4BF8
:10B770009B6A094A43F48033936214E0D7F8FC30A3
:10B780002C33184600F0F6FB034687F80B310AE02D
:10B79000012387F80B3106E0000C024600BF02E0EF
:10B7A00000BF00E000BF97F80B31002B0DD1AF4B6D
:10B7B000D3F8E83023F4E021D7F8FC30D3F8983000
:10B7C000AA4A0B43C2F8E83003E097F80B3187F838
:10B7D0000A31D7F8FC30D3E9002302F480233B661A
:10B7E00000237B66D7E918120B46134300F0B5809F
:10B7F000002387F809319D4BD3F8943003F00403FC
:10B80000002B13D1994BD3F89430984A43F004039A
:10B81000C2F89430954BD3F8943003F00403C7F882
:10B820000031D7F80031012387F80931904B9B6A2A
:10B830008F4A43F001039362FBF7A4F8C7F80401B1
:10B840000BE0FBF79FF80246D7F80431D31A022B1E
:10B8500003D9032387F80B3105E0854B9B6A03F07E
:10B860000103002BEDD097F80B31002B65D17F4BF6
:10B87000D3F8F03003F44073C7F80C31D7F80C312B
:10B88000002B23D0D7F8FC30D3F8D020D7F80C31D8
:10B8900093421BD0754BD3F8F03023F44073C7F8B4
:10B8A0000C31724BD3F8F030704A43F48033C2F855
:10B8B000F0306E4BD3F8F0306C4A23F48033C2F88A
:10B8C000F0306A4AD7F80C31C2F8F030D7F80C31B2
:10B8D00003F00103002B19D0FBF754F8C7F804015B
:10B8E0000DE0FBF74FF80246D7F80431D21A41F2C7
:10B8F00088339A4203D9032387F80B3106E05B4B68
:10B90000D3F8F03003F00203002BEAD097F80B31A4
:10B91000002B0DD1554BD3F8F03023F44071D7F8FC
:10B92000FC30D3F8D030514A0B43C2F8F03008E075
:10B9300097F80B3187F80A3103E097F80B3187F855
:10B940000A3197F80931012B07D1484BD3F89430CD
:10B95000464A23F00403C2F89430D7F8FC30D3E908
:10B96000002302F48013BB650023FB65D7E91612A0
:10B970000B46134342D0D7F8FC30D3F8AC30B3F1C8
:10B98000406F22D0B3F1406F1BD8B3F1006F11D0DC
:10B99000B3F1006F15D8002B19D0B3F1806F10D11F
:10B9A000D7F8FC300833184600F04CFA034687F805
:10B9B0000B310DE02D4B9B6A2C4A43F4003393620C
:10B9C00006E0012387F80B3102E000BF00E000BF72
:10B9D00097F80B31002B0DD1244BD3F8E03023F036
:10B9E0004061D7F8FC30D3F8AC30204A0B43C2F8A2
:10B9F000E03003E097F80B3187F80A31D7F8FC30D4
:10BA0000D3E9002302F400233B6500237B65D7E9DB
:10BA100014120B46134331D0D7F8FC30D3F8A430BE
:10BA2000B3F5005F0BD0B3F5005F04D8002B08D04E
:10BA3000B3F5805F07D0012387F80B3104E000BF26
:10BA400002E000BF00E000BF97F80B31002B11D1DE
:10BA5000064BD3F8E43023F44051D7F8FC30D3F848
:10BA6000A430024A0B43C2F8E43007E0000C02465F
:10BA70000008024697F80B3187F80A31D7F8FC30F6
:10BA8000D3E9002302F48053BB640023FB64D7E9AD
:10BA900012120B4613430CD0B24BD3F8E43023F40C
:10BAA0000061D7F8FC30D3F8A830AE4A0B43C2F897
:10BAB000E430D7F8FC30D3E9002302F400133B64F0
:10BAC00000237B64D7E910120B46134319D0D7F833
:10BAD000FC30D3F8B030B3F5804F05D1A14B9B6A51
:10BAE000A04A43F4803393629E4BD3F8E43023F4AE
:10BAF0008041D7F8FC30D3F8B0309A4A0B43C2F8F3
:10BB0000E430D7F8FC30D3E9002302F40003BB6330
:10BB10000023FB63D7E90E120B4613430CD0914B65
:10BB2000D3F8E03023F44011D7F8FC30D3F8C43018
:10BB30008C4A0B43C2F8E030D7F8FC30D3E900233D
:10BB400002F080733B6300237B63D7E90C120B4642
:10BB500013430CD0834BD3F8E03023F44031D7F8B3
:10BB6000FC30D3F8C8307F4A0B43C2F8E030D7F836
:10BB7000FC30D3E9002302F00073BB620023FB62B8
:10BB8000D7E90A120B4613430CD0764BD3F8E830B2
:10BB900023F01802D7F8FC30D3F8CC3071491343A6
:10BBA000C1F8E830D7F8FC30D3E9002302F0806315
:10BBB0003B6200237B62D7E908120B46134332D065
:10BBC000D7F8FC30D3F8BC30B3F5001F05D1654B76
:10BBD0009B6A644A43F400339362D7F8FC30D3F88D
:10BBE000BC30B3F5401F08D1D7F8FC3008331846F5
:10BBF00000F028F9034687F80B3197F80B31002B3A
:10BC00000DD1584BD3F8E43023F44012D7F8FC3070
:10BC1000D3F8BC3053491343C1F8E43003E097F83C
:10BC20000B3187F80A31D7F8FC30D3E90023002123
:10BC3000B96103F00103FB61D7E906120B46134318
:10BC40004AD0D7F8FC30D3F8C030B3F5400F1ED03F
:10BC5000B3F5400F25D8B3F5000F0ED0B3F5000FA4
:10BC60001FD8002B21D0B3F5800F1AD13D4B9B6A12
:10BC70003C4A43F40033936218E0D7F8FC300833B1
:10BC8000184600F0DFF8034687F80B310EE0D7F8CE
:10BC9000FC302C33184600F06DF9034687F80B3161
:10BCA00004E0012387F80B3100E000BF97F80B3167
:10BCB000002B0DD12B4BD3F8E43023F44002D7F8FE
:10BCC000FC30D3F8C03027491343C1F8E43003E017
:10BCD00097F80B3187F80A31D7F8FC30D3E9002305
:10BCE00002F000633B6100237B61D7E904120B463D
:10BCF00013433DD0D7F8FC30D3F89030B3F1007F38
:10BD00000ED0B3F1007F15D8002B17D0B3F1807F90
:10BD100010D1144B9B6A134A43F4003393620EE034
:10BD2000D7F8FC300833184600F08CF8034687F843
:10BD30000B3104E0012387F80B3100E000BF97F8D6
:10BD40000B31002B10D1074BD3F8E03023F04072B9
:10BD5000D7F8FC30D3F8903002491343C1F8E030F3
:10BD600006E000BF000C024697F80B3187F80A3155
:10BD7000D7F8FC30D3E9002302F08053BB600023E6
:10BD8000FB60D7E902120B4613430CD02C4BD3F8BF
:10BD9000E83023F40042D7F8FC30D3F8B830284913
:10BDA0001343C1F8E830D7F8FC30D3E90023002171
:10BDB000396003F008037B60D7E900120B46134398
:10BDC00036D0D7F8FC30D3F8D430B3F1404F0DD093
:10BDD000B3F1404F11D8B3F1004F12D0B3F1004F7F
:10BDE0000BD8002B0DD0B3F1804F06D1144B9B6ABA
:10BDF000134A43F48033936204E0012387F80B3144
:10BE000000E000BF97F80B31002B0DD10C4BD3F89D
:10BE1000E43023F04042D7F8FC30D3F8D43008495E
:10BE20001343C1F8E43003E097F80B3187F80A3187
:10BE300097F80A31184607F58877BD46BDE8B08FF8
:10BE4000000C024680B584B000AF7860474B1B6899
:10BE5000464A23F080631360FAF794FDF86008E027
:10BE6000FAF790FD0246FB68D31A022B01D903238F
:10BE700077E03E4B1B6803F00063002BF0D13B4B97
:10BE8000DB6A23F4706323F003037A6811687A682D
:10BE90005268013A12020A4334491343CB62334BCE
:10BEA000DA6B334B13407A689268013AC2F30801A7
:10BEB0007A68D268013A520292B211437A681269E2
:10BEC000013A120402F4FE0211437A685269013AFF
:10BED000120602F0FE420A4324491343CB63234B6C
:10BEE000DB6A23F00C027B689B6920491343CB6219
:10BEF0001E4BDA6A7B681B6A1C491343CB621B4BDF
:10BF0000DB6A1A4A23F01003D362184B1B6C23F42C
:10BF10007F4323F0F8037A68D269D20013491343B0
:10BF20000B64124BDB6A114A43F01003D3620F4BD0
:10BF30001B680E4A43F080631360FAF723FDF86034
:10BF400008E0FAF71FFD0246FB68D31A022B01D95D
:10BF5000032306E0054B1B6803F00063002BF0D0C1
:10BF6000002318461037BD4680BD00BF000C0246B6
:10BF70000000808080B584B000AF7860474B1B68BC
:10BF8000464A23F080531360FAF7FCFCF86008E09F
:10BF9000FAF7F8FC0246FB68D31A022B01D90323F7
:10BFA00077E03E4B1B6803F00053002BF0D13B4B76
:10BFB0001B6B23F4706323F003037A6811687A68BB
:10BFC0005268013A12020A43344913430B63334B5C
:10BFD0005A6C334B13407A689268013AC2F30801F5
:10BFE0007A68D268013A520292B211437A681269B1
:10BFF000013A120402F4FE0211437A685269013ACE
:10C00000120602F0FE420A43244913434B64234BB9
:10C010001B6B23F00C027B689B69204913430B6365
:10C020001E4B1A6B7B681B6A1C4913430B631B4B2B
:10C030001B6B1A4A23F010031363184B9B6C23F4F9
:10C040007F4323F0F8037A68D269D200134913437F
:10C050008B64124B1B6B114A43F0100313630F4B9D
:10C060001B680E4A43F080531360FAF78BFCF860AC
:10C0700008E0FAF787FC0246FB68D31A022B01D9C5
:10C08000032306E0054B1B6803F00053002BF0D0A0
:10C09000002318461037BD4680BD00BF000C024685
:10C0A0000000808080B584B000AF78600123FB730E
:10C0B0007B68002B7BD07B6893F82D30DBB2002BA4
:10C0C00006D17B68002283F82C207868FAF784F97F
:10C0D0007B68022283F82D20374BDB6803F01003C6
:10C0E000102B5BD0344BDB6803F44073B3F5807FD7
:10C0F00051D0314BCA225A622F4B53225A62786870
:10C1000000F08EF80346FB73FB7B002B3FD12A4BDC
:10C110009B69294A23F08E6323F040039361264BE9
:10C120009A697B6859687B681B6919437B689B69BE
:10C130000B43214913438B617B68DA687B689B68FA
:10C140001B041D4913430B611B4BDB6823F4F8529E
:10C150007B68596A7B689B6A0B4317491343CB6022
:10C16000786800F099F80346FB73FB7B002B0ED137
:10C17000114B9B6923F060427B68196A7B68DB691D
:10C1800019437B685B690B430B4913438B610A4B73
:10C19000FF225A6204E00023FB7301E00023FB73DB
:10C1A000FB7B002B03D17B68012283F82D20FB7BD6
:10C1B00018461037BD4680BD0078004680B584B073
:10C1C00000AF7860154BDB68144A23F02003D3607E
:10C1D000FAF7D8FBF86013E0FAF7D4FB0246FB68E5
:10C1E000D31AB3F57A7F0BD90C4BDB6803F020032D
:10C1F000002B0CD17B68032283F82D20032308E059
:10C20000064BDB6803F02003002BE5D000E000BF05
:10C21000002318461037BD4680BD00BF0078004699
:10C2200080B584B000AF78600023FB73194BDB68E6
:10C2300003F04003002B28D1164BDB68154A43F06E
:10C240008003D360FAF79EFBB86013E0FAF79AFB1D
:10C250000246BB68D31AB3F57A7F0BD90D4BDB6866
:10C2600003F04003002B0FD10323FB737B680322F1
:10C2700083F82D20074BDB6803F04003002B04D12B
:10C28000FB7B032BE2D100E000BFFB7B184610379D
:10C29000BD4680BD0078004680B584B000AF7860B0
:10C2A0000023FB731A4BDB68194A23F08003D36029
:10C2B000174B9B6903F02003002B0CD17868FFF724
:10C2C0007DFF0346002B1ED07B68032283F82D20C0
:10C2D0000323FB7317E00E4B9B690D4A23F02003E9
:10C2E00093617868FFF76AFF0346002B05D07B68EF
:10C2F000032283F82D200323FB73054B9B69044A1B
:10C3000043F020039361FB7B18461037BD4680BD88
:10C310000078004680B487B000AFF860B9607A60FA
:10C32000074B7B61BB689B007A6913447B617B6927
:10C330007A681A6000BF1C37BD465DF8047B704701
:10C34000007D004680B485B000AF78603960074B4F
:10C35000FB603B689B00FA681344FB60FB681B684A
:10C3600018461437BD465DF8047B7047007D0046D3
:10C3700080B483B000AF786039603B681A683B686E
:10C380005B6810491343CB613B689A683B68DB6884
:10C390001A433B689B690C4913434B620A4B1B6A67
:10C3A00003F0FF223B6819693B685B691B040B4380
:10C3B000054913430B62002318460C37BD465DF850
:10C3C000047B704700780046007C004680B582B050
:10C3D00000AF78607B68002B01D1012349E07B68C6
:10C3E00093F83D30DBB2002B06D17B68002283F846
:10C3F0003C207868FAF73CF87B68022283F83D20FD
:10C400007B681A687B6804331946104600F09CFA72
:10C410007B68012283F848207B68012283F83E2054
:10C420007B68012283F83F207B68012283F840204B
:10C430007B68012283F841207B68012283F8422037
:10C440007B68012283F843207B68012283F8442023
:10C450007B68012283F845207B68012283F846200F
:10C460007B68012283F847207B68012283F83D2006
:10C47000002318460837BD4680BD000080B584B053
:10C4800000AF786039603B68002B09D17B6893F876
:10C490003E30DBB2012B14BF01230023DBB23CE0B2
:10C4A0003B68042B09D17B6893F83F30DBB2012B4A
:10C4B00014BF01230023DBB22FE03B68082B09D116
:10C4C0007B6893F84030DBB2012B14BF01230023BB
:10C4D000DBB222E03B680C2B09D17B6893F841303A
:10C4E000DBB2012B14BF01230023DBB215E03B6854
:10C4F000102B09D17B6893F84230DBB2012B14BFBB
:10C5000001230023DBB208E07B6893F84330DBB201
:10C51000012B14BF01230023DBB2002B01D0012328
:10C52000D8E03B68002B04D17B68022283F83E20D0
:10C5300023E03B68042B04D17B68022283F83F2070
:10C540001BE03B68082B04D17B68022283F8402063
:10C5500013E03B680C2B04D17B68022283F8412056
:10C560000BE03B68102B04D17B68022283F8422049
:10C5700003E07B68022283F843207B681B6801226A
:10C580003968184600F0BEFE7B681B68534A934228
:10C590002CD07B681B68524A934227D07B681B686B
:10C5A000504A934222D07B681B684F4A93421DD069
:10C5B0007B681B684D4A934218D07B681B684C4AC5
:10C5C000934213D07B681B684A4A93420ED07B6823
:10C5D0001B68494A934209D07B681B68474A9342CB
:10C5E00004D07B681B68464A934201D1012300E0D6
:10C5F0000023002B07D07B681B685A6C7B681B6884
:10C6000042F400425A647B681B68344A934240D02B
:10C610007B681B68324A93423BD07B681B68B3F14E
:10C62000804F36D07B681B68B3F1A04F31D07B6858
:10C630001B68344A93422CD07B681B68324A934271
:10C6400027D07B681B68314A934222D07B681B68E5
:10C650002F4A93421DD07B681B682E4A934218D004
:10C660007B681B682C4A934213D07B681B681D4A69
:10C6700093420ED07B681B681B4A934209D07B68AB
:10C680001B681A4A934204D07B681B68184A93427D
:10C6900015D17B681B689A68204B1340FB60FB68D0
:10C6A000062B15D0FB68B3F5803F11D07B681B6863
:10C6B0001A687B681B6842F001021A6008E07B6818
:10C6C0001B681A687B681B6842F001021A6000E070
:10C6D00000BF002318461037BD4680BD002C014026
:10C6E000002C015000340140003401500040014052
:10C6F0000040015000440140004401500048014006
:10C7000000480150000400400004005000080040B0
:10C7100000080050000C0040000C00500700010011
:10C7200080B586B000AFF860B9607A600023FB7511
:10C73000FB6893F83C30012B01D10223FFE0FB683A
:10C74000012283F83C207B68142B00F2F08001A2C8
:10C7500052F823F0A9C700082FC900082FC9000804
:10C760002FC90008E9C700082FC900082FC9000811
:10C770002FC900082BC800082FC900082FC90008BE
:10C780002FC900086BC800082FC900082FC900086E
:10C790002FC90008ADC800082FC900082FC900081C
:10C7A0002FC90008EDC80008FB681B68B968184667
:10C7B00000F0CAF9FB681B689A69FB681B6842F0C5
:10C7C00008029A61FB681B689A69FB681B6822F083
:10C7D00004029A61FB681B689969BB681A69FB6867
:10C7E0001B680A439A61A5E0FB681B68B968184694
:10C7F00000F06EFAFB681B689A69FB681B6842F4DC
:10C8000000629A61FB681B689A69FB681B6822F4E6
:10C8100080629A61FB681B689969BB681B691A0290
:10C82000FB681B680A439A6184E0FB681B68B9686F
:10C83000184600F0FFFAFB681B68DA69FB681B68A2
:10C8400042F00802DA61FB681B68DA69FB681B6862
:10C8500022F00402DA61FB681B68D969BB681A69B7
:10C86000FB681B680A43DA6164E0FB681B68B9680F
:10C87000184600F08FFBFB681B68DA69FB681B68D1
:10C8800042F40062DA61FB681B68DA69FB681B68C6
:10C8900022F48062DA61FB681B68D969BB681B6996
:10C8A0001A02FB681B680A43DA6143E0FB681B68F5
:10C8B000B968184600F020FCFB681B681A6DFB681D
:10C8C0001B6842F008021A65FB681B681A6DFB685A
:10C8D0001B6822F004021A65FB681B68196DBB68AF
:10C8E0001A69FB681B680A431A6523E0FB681B682A
:10C8F000B968184600F082FCFB681B681A6DFB687B
:10C900001B6842F400621A65FB681B681A6DFB68BD
:10C910001B6822F480621A65FB681B68196DBB688E
:10C920001B691A02FB681B680A431A6502E00123AF
:10C93000FB7500BFFB68002283F83C20FB7D184696
:10C940001837BD4680BD00BF80B485B000AF7860A9
:10C9500039607B681B68FB607B686B4A93422BD015
:10C960007B686A4A934227D07B68B3F1804F23D01B
:10C970007B68B3F1A04F1FD07B68654A93421BD000
:10C980007B68644A934217D07B68634A934213D012
:10C990007B68624A93420FD07B68614A93420BD016
:10C9A0007B68604A934207D07B685F4A934203D01A
:10C9B0007B685E4A934208D1FB6823F07003FB60FA
:10C9C0003B685B68FA681343FB607B684E4A93429E
:10C9D00043D07B684D4A93423FD07B68B3F1804F90
:10C9E0003BD07B68B3F1A04F37D07B68484A934275
:10C9F00033D07B68474A93422FD07B68464A9342A4
:10CA00002BD07B68454A934227D07B68444A9342A7
:10CA100023D07B68434A93421FD07B68424A9342AB
:10CA20001BD07B68414A934217D07B68404A9342AF
:10CA300013D07B683F4A93420FD07B683E4A9342B3
:10CA40000BD07B683D4A934207D07B683C4A9342B7
:10CA500003D07B683B4A934208D1FB6823F44073C0
:10CA6000FB603B68DB68FA681343FB60FB6823F0FC
:10CA700080023B685B691343FB603B689A687B6894
:10CA8000DA623B681A687B689A627B681E4A934246
:10CA900023D07B681D4A93421FD07B68224A934271
:10CAA0001BD07B68214A934217D07B68204A93426F
:10CAB00013D07B681F4A93420FD07B681E4A934273
:10CAC0000BD07B681D4A934207D07B681C4A934277
:10CAD00003D07B681B4A934203D13B681A697B6889
:10CAE0001A637B681B6843F004027B681A607B68EA
:10CAF00001225A617B68FA681A6000BF1437BD468C
:10CB00005DF8047B704700BF002C0140002C0150F1
:10CB100000040040000400500008004000080050DD
:10CB2000000C0040000C0050003401400034015063
:10CB300000400140004001500044014000440150C9
:10CB4000004801400048015080B487B000AF7860D1
:10CB500039607B681B6A7B617B681B6A23F001027A
:10CB60007B681A627B685B683B617B689B69FB60E2
:10CB7000FB6823F4803323F07003FB60FB6823F031
:10CB80000303FB603B681B68FA681343FB607B6927
:10CB900023F002037B613B689B687A6913437B61E6
:10CBA0007B68414A934223D07B68404A93421FD01E
:10CBB0007B683F4A93421BD07B683E4A934217D022
:10CBC0007B683D4A934213D07B683C4A93420FD026
:10CBD0007B683B4A93420BD07B683A4A934207D02A
:10CBE0007B68394A934203D07B68384A93420ED11E
:10CBF0007B681B6A23F004027B681A627B6923F05E
:10CC000008037B613B68DB687A6913437B617B685F
:10CC1000254A934223D07B68244A93421FD07B68E5
:10CC2000234A93421BD07B68224A934217D07B68E9
:10CC3000214A934213D07B68204A93420FD07B68ED
:10CC40001F4A93420BD07B681E4A934207D07B68F1
:10CC50001D4A934203D07B681C4A934211D13B6921
:10CC600023F480733B613B6923F400733B613B68B1
:10CC70005B693A6913433B613B689B693A691343BB
:10CC80003B617B683A695A607B68FA689A613B68E5
:10CC90005A687B685A637B687A691A6200BF1C37DE
:10CCA000BD465DF8047B7047002C0140002C01500C
:10CCB0000034014000340150004001400040015068
:10CCC0000044014000440150004801400048015028
:10CCD00080B487B000AF786039607B681B6A7B6185
:10CCE0007B681B6A23F010027B681A627B685B68B2
:10CCF0003B617B689B69FB60FB6823F0807323F4D6
:10CD0000E043FB60FB6823F44073FB603B681B68F7
:10CD10001B02FA681343FB607B6923F020037B61ED
:10CD20003B689B681B017A6913437B617B68374AC8
:10CD300093420BD07B68364A934207D07B68354AD2
:10CD4000934203D07B68344A93420FD17B681B6ABD
:10CD500023F040027B681A627B6923F080037B61C9
:10CD60003B68DB681B017A6913437B617B68274A58
:10CD7000934223D07B68264A93421FD07B68254A82
:10CD800093421BD07B68244A934217D07B68234A86
:10CD9000934213D07B68224A93420FD07B68214A8A
:10CDA00093420BD07B68204A934207D07B681F4A8E
:10CDB000934203D07B681E4A934213D13B6923F40C
:10CDC00080633B613B6923F400633B613B685B69C3
:10CDD0009B003A6913433B613B689B699B003A693E
:10CDE00013433B617B683A695A607B68FA689A61D1
:10CDF0003B685A687B689A637B687A691A6200BFED
:10CE00001C37BD465DF8047B704700BF002C014015
:10CE1000002C01500034014000340150004001401A
:10CE200000400150004401400044015000480140CE
:10CE30000048015080B487B000AF786039607B68EB
:10CE40001B6A7B617B681B6A23F480727B681A62B1
:10CE50007B685B683B617B68DB69FB60FB6823F494
:10CE6000803323F07003FB60FB6823F00303FB6057
:10CE70003B681B68FA681343FB607B6923F400730B
:10CE80007B613B689B681B027A6913437B617B680B
:10CE9000364A93420BD07B68354A934207D07B6871
:10CEA000344A934203D07B68334A93420FD17B6864
:10CEB0001B6A23F480627B681A627B6923F4006337
:10CEC0007B613B68DB681B027A6913437B617B688B
:10CED000264A934223D07B68254A93421FD07B6821
:10CEE000244A93421BD07B68234A934217D07B6825
:10CEF000224A934213D07B68214A93420FD07B6829
:10CF0000204A93420BD07B681F4A934207D07B682C
:10CF10001E4A934203D07B681D4A934213D13B695A
:10CF200023F480533B613B6923F400533B613B682E
:10CF30005B691B013A6913433B613B689B691B01B9
:10CF40003A6913433B617B683A695A607B68FA68C7
:10CF5000DA613B685A687B68DA637B687A691A62CF
:10CF600000BF1C37BD465DF8047B7047002C0140B4
:10CF7000002C0150003401400034015000400140B9
:10CF8000004001500044014000440150004801406D
:10CF90000048015080B487B000AF786039607B688A
:10CFA0001B6A7B617B681B6A23F480527B681A6270
:10CFB0007B685B683B617B68DB69FB60FB6823F037
:10CFC000807323F4E043FB60FB6823F44073FB6051
:10CFD0003B681B681B02FA681343FB607B6923F400
:10CFE00000537B613B689B681B037A6913437B6139
:10CFF0007B68374A93420BD07B68364A934207D00E
:10D000007B68354A934203D07B68344A93420FD100
:10D010007B681B6A23F480427B681A627B6923F475
:10D0200000437B613B68DB681B037A6913437B61C8
:10D030007B68274A934223D07B68264A93421FD0BD
:10D040007B68254A93421BD07B68244A934217D0C1
:10D050007B68234A934213D07B68224A93420FD0C5
:10D060007B68214A93420BD07B68204A934207D0C9
:10D070007B681F4A934203D07B681E4A934213D1B8
:10D080003B6923F480433B613B6923F400433B61EC
:10D090003B685B699B013A6913433B613B689B6951
:10D0A0009B013A6913433B617B683A695A607B682C
:10D0B000FA68DA613B685A687B681A647B687A6947
:10D0C0001A6200BF1C37BD465DF8047B704700BF85
:10D0D000002C0140002C015000340140003401506C
:10D0E0000040014000400150004401400044015014
:10D0F000004801400048015080B487B000AF78601C
:10D1000039607B681B6A3B617B681B6A23F4803251
:10D110007B681A627B685B687B617B681B6DFB6068
:10D12000FB6823F4803323F07003FB603B681B68CB
:10D13000FA681343FB603B6923F400333B613B68AF
:10D140009B681B043A6913433B617B68214A934205
:10D1500023D07B68204A93421FD07B681F4A9342AA
:10D160001BD07B681E4A934217D07B681D4A9342AE
:10D1700013D07B681C4A93420FD07B681B4A9342B2
:10D180000BD07B681A4A934207D07B68194A9342B6
:10D1900003D07B68184A934209D17B6923F480331A
:10D1A0007B613B685B691B027A6913437B617B6827
:10D1B0007A695A607B68FA681A653B685A687B68C6
:10D1C0009A647B683A691A6200BF1C37BD465DF8F5
:10D1D000047B7047002C0140002C015000340140BA
:10D1E0000034015000400140004001500044014023
:10D1F00000440150004801400048015080B487B00D
:10D2000000AF786039607B681B6A3B617B681B6A92
:10D2100023F480127B681A627B685B687B617B68A1
:10D220001B6DFB60FB6823F0807323F4E043FB601D
:10D230003B681B681B02FA681343FB603B6923F4DD
:10D2400000133B613B689B681B053A6913433B61D4
:10D250007B68224A934223D07B68214A93421FD0A5
:10D260007B68204A93421BD07B681F4A934217D0A9
:10D270007B681E4A934213D07B681D4A93420FD0AD
:10D280007B681C4A93420BD07B681B4A934207D0B1
:10D290007B681A4A934203D07B68194A934209D1AA
:10D2A0007B6923F480237B613B685B699B027A691D
:10D2B00013437B617B687A695A607B68FA681A65F8
:10D2C0003B685A687B68DA647B683A691A6200BF17
:10D2D0001C37BD465DF8047B704700BF002C014041
:10D2E000002C015000340140003401500040014046
:10D2F00000400150004401400044015000480140FA
:10D300000048015080B487B000AFF860B9607A601F
:10D31000BB6803F01F03012202FA03F37B61FB6881
:10D320001A6A7B69DB431A40FB681A62FB681A6A57
:10D33000BB6803F01F03796801FA03F31A43FB6823
:10D340001A6200BF1C37BD465DF8047B70470000C1
:10D3500080B485B000AF786039607B6893F83C306A
:10D36000012B01D1022397E07B68012283F83C2046
:10D370007B68022283F83D207B681B685B68FB604A
:10D380007B681B689B68BB607B681B68454A93424F
:10D390000ED07B681B68444A934209D07B681B68A7
:10D3A000424A934204D07B681B68414A934208D1A9
:10D3B000FB6823F47003FB603B685B68FA68134307
:10D3C000FB60FB6823F0007323F07003FB603B6895
:10D3D0001B68FA681343FB607B681B68FA685A6035
:10D3E0007B681B682F4A934240D07B681B682E4A9B
:10D3F00093423BD07B681B68B3F1804F36D07B688B
:10D400001B68B3F1A04F31D07B681B68294A934257
:10D410002CD07B681B68284A934227D07B681B6806
:10D42000264A934222D07B681B68254A93421DD02E
:10D430007B681B68234A934218D07B681B68224A8A
:10D44000934213D07B681B68184A93420ED07B68C6
:10D450001B68174A934209D07B681B681B4A93429A
:10D4600004D07B681B681A4A93420CD1BB6823F036
:10D470008003BB603B689B68BA681343BB607B68F2
:10D480001B68BA689A607B68012283F83D207B683C
:10D49000002283F83C20002318461437BD465DF86F
:10D4A000047B7047002C0140002C015000340140E7
:10D4B0000034015000040040000400500008004007
:10D4C00000080050000C0040000C005000400140DB
:10D4D0000040015084B080B584B000AF786007F19F
:10D4E0001C0080E80E0097F82130032B05D17B68E3
:10D4F000DB6823F480027B68DA60786801F030FB37
:10D500000346FB73BB7F012B11D17B689B6823F023
:10D510001E027B689A607B689B6843F006027B680A
:10D520009A607B689B6843F020027B689A60FB7B73
:10D5300018461037BD46BDE8804004B07047000073
:10D5400080B487B000AFF860B9601346FB71FB7917
:10D55000022B65D1BB68414A934206D9BB68404A59
:10D56000934202D20F237B6162E0BB683C4A934244
:10D5700006D3BB683B4A934202D20E237B6157E03D
:10D58000BB68384A934206D3BB68374A934202D2FB
:10D590000D237B614CE0BB68334A934206D3BB68E2
:10D5A000324A934202D80C237B6141E0BB682F4A88
:10D5B000934206D9BB682E4A934202D80B237B6163
:10D5C00036E0BB682A4A934206D9BB68294A93428F
:10D5D00002D80A237B612BE0BB68264A934206D916
:10D5E000BB68254A934202D209237B6120E0BB68D5
:10D5F000214A934206D3BB68204A934202D80823AB
:10D600007B6115E0BB681D4A934206D9BB681C4A82
:10D61000934202D207237B610AE006237B6107E085
:10D62000FB79002B02D109237B6101E009237B6197
:10D63000FB68DB6823F47052FB68DA60FB68DA6829
:10D640007B699B0203F470531A43FB68DA60002382
:10D6500018461C37BD465DF8047B7047BFACD80048
:10D66000C0E1E4000024F400807306019F491A0120
:10D67000FF2C31013FA44C0100366E011FABA60107
:10D680000048E80180B483B000AF78607B689B6895
:10D6900043F001027B689A60002318460C37BD46B0
:10D6A0005DF8047B704780B483B000AF78607B681E
:10D6B0009B6823F001027B689A60002318460C37B0
:10D6C000BD465DF8047B704780B584B000AF7860DC
:10D6D0000B46FB700023FB607B68DB6823F0C042D5
:10D6E0007B68DA60FB78012B15D17B68DB6843F03F
:10D6F00000527B68DA600A20F9F750F9FB680A33B8
:10D70000FB60786801F09DF90346012B1ED0FB6891
:10D71000C72BF0D91AE0FB78002B15D17B68DB68AA
:10D7200043F080427B68DA600A20F9F737F9FB683A
:10D730000A33FB60786801F084F90346002B05D0BA
:10D74000FB68C72BF0D901E0012305E0FB68C82B7B
:10D7500001D1012300E0002318461037BD4680BDEB
:10D7600084B080B586B000AF786007F1240080E80F
:10D770000E000023FB757B68FB6000233B6109E022
:10D780007A683B6940339B00134400225A603B692E
:10D7900001333B613B690E2BF2D97B689B6B23F015
:10D7A00000727B689A6397F82E30002B1CD1FB68BF
:10D7B00003F500635B68FA6802F5006243F0020358
:10D7C00053607B689B6B23F400127B689A637B68D1
:10D7D0009B6B43F080727B689A637B689B6B43F41E
:10D7E00000027B689A6311E07B689B6B23F0807278
:10D7F0007B689A637B689B6B23F400027B689A6367
:10D800007B689B6B43F400127B689A63FB6803F5AB
:10D8100060631A460023136097F82930032B0DD15B
:10D8200097F82730002B04D10021786800F068F9C0
:10D8300008E00121786800F063F903E003217868CB
:10D8400000F05EF91021786800F0FAF80346002B2A
:10D8500001D00123FB75786800F024F90346002B02
:10D8600001D00123FB75FB6803F500631A46002312
:10D870001361FB6803F500631A4600235361FB68DC
:10D8800003F500631A460023D36100233B6143E0A4
:10D890003B695A01FB68134403F510631B6803F0EE
:10D8A0000043B3F1004F18D13B69002B0AD13B690B
:10D8B0005A01FB68134403F510631A464FF00063E6
:10D8C000136013E03B695A01FB68134403F51063CE
:10D8D0001A464FF09043136008E03B695A01FB6819
:10D8E000134403F510631A46002313603B695A0181
:10D8F000FB68134403F510631A46002313613B6968
:10D900005A01FB68134403F510631A464FF67F3340
:10D9100093603B6901333B6197F824301A463B69B9
:10D920009342B5D300233B6143E03B695A01FB6856
:10D93000134403F530631B6803F00043B3F1004F59
:10D9400018D13B69002B0AD13B695A01FB6813448B
:10D9500003F530631A464FF00063136013E03B6930
:10D960005A01FB68134403F530631A464FF09043A5
:10D97000136008E03B695A01FB68134403F5306308
:10D980001A46002313603B695A01FB68134403F5F0
:10D9900030631A46002313613B695A01FB68134444
:10D9A00003F530631A464FF67F3393603B690133CA
:10D9B0003B6197F824301A463B699342B5D3FB6824
:10D9C00003F500631B69FA6802F5006223F48073B3
:10D9D00013617B6800229A617B686FF080425A6114
:10D9E00097F82630002B05D17B689B6943F0100225
:10D9F0007B689A617B689A69104B13437A689361DC
:10DA000097F82A30002B05D07B689B6943F0080209
:10DA10007B689A6197F82E30012B07D17B689B6950
:10DA200043F0804343F004037A689361FB7D18461A
:10DA30001837BD46BDE8804004B0704700383C80D0
:10DA400080B485B000AF786039600023FB60FB686C
:10DA50000133FB60FB68B3F1706F01D903231BE056
:10DA60007B681B69002BF2DA0023FB603B689B019B
:10DA700043F020027B681A61FB680133FB60FB689E
:10DA8000B3F1706F01D9032306E07B681B6903F0D3
:10DA90002003202BF0D0002318461437BD465DF834
:10DAA000047B704780B485B000AF78600023FB60D2
:10DAB000FB680133FB60FB68B3F1706F01D903238E
:10DAC00018E07B681B69002BF2DA0023FB607B689F
:10DAD00010221A61FB680133FB60FB68B3F1706FC1
:10DAE00001D9032306E07B681B6903F01003102BA8
:10DAF000F0D0002318461437BD465DF8047B70470C
:10DB000080B485B000AF78600B46FB707B68FB602B
:10DB1000FB6803F500631A68FB78F96801F500619A
:10DB200013430B60002318461437BD465DF8047B91
:10DB3000704780B487B000AF78607B683B613B6919
:10DB400003F500639B6803F00603FB60FB68002B92
:10DB500002D10023FB750AE0FB68022B02D0FB68B0
:10DB6000062B02D10223FB7501E00F23FB75FB7D21
:10DB700018461C37BD465DF8047B704780B485B0FD
:10DB800000AF786039607B68FB603B681B78BB60E6
:10DB90003B685B78012B3AD1FB6803F50063DA69D7
:10DBA0003B681B7803F00F03012101FA03F39BB2DA
:10DBB000F96801F500611343CB61BB685A01FB684A
:10DBC000134403F510631B6803F40043002B55D185
:10DBD000BB685A01FB68134403F510631A683B687D
:10DBE0009B68C3F30A013B681B799B041943BB681C
:10DBF0009B050B431343BA685101FA680A4402F5C6
:10DC0000106243F0805343F40043136036E0FB6836
:10DC100003F50063DA693B681B7803F00F03012109
:10DC200001FA03F31B04F96801F500611343CB61AA
:10DC3000BB685A01FB68134403F530631B6803F4A7
:10DC40000043002B1AD1BB685A01FB68134403F54B
:10DC500030631A683B689B68C3F30A013B681B7911
:10DC60009B040B431343BA685101FA680A4402F556
:10DC7000306243F0805343F400431360002318469E
:10DC80001437BD465DF8047B7047000080B485B052
:10DC900000AF786039607B68FB603B681B78BB60D5
:10DCA0003B685B78012B61D1BB685A01FB68134468
:10DCB00003F510631B6803F00043B3F1004F1FD15D
:10DCC000BB685A01FB68134403F510631B68BA680C
:10DCD0005101FA680A4402F5106243F000631360D0
:10DCE000BB685A01FB68134403F510631B68BA68EC
:10DCF0005101FA680A4402F5106243F08043136050
:10DD0000FB6803F50063DA6B3B681B7803F00F03D5
:10DD1000012101FA03F39BB2DB43F96801F50061CD
:10DD20001340CB63FB6803F50063DA693B681B783B
:10DD300003F00F03012101FA03F39BB2DB43F968FF
:10DD400001F500611340CB61BB685A01FB681344C5
:10DD500003F510631A68BB685901FB680B4403F5AF
:10DD600010631946354B13400B6060E0BB685A01E5
:10DD7000FB68134403F530631B6803F00043B3F101
:10DD8000004F1FD1BB685A01FB68134403F5306391
:10DD90001B68BA685101FA680A4402F5306243F020
:10DDA00000631360BB685A01FB68134403F53063DA
:10DDB0001B68BA685101FA680A4402F5306243F000
:10DDC00080431360FB6803F50063DA6B3B681B78E4
:10DDD00003F00F03012101FA03F31B04DB43F9688D
:10DDE00001F500611340CB63FB6803F50063DA695A
:10DDF0003B681B7803F00F03012101FA03F31B04B6
:10DE0000DB43F96801F500611340CB61BB685A013F
:10DE1000FB68134403F530631A68BB685901FB685B
:10DE20000B4403F530631946054B13400B60002388
:10DE300018461437BD465DF8047B7047007833EC14
:10DE40000078F3EF80B58AB002AFF860B96013468E
:10DE5000FB71FB68FB61BB681B78BB61BB685B78CF
:10DE6000012B40F07F81BB681B69002B32D1BB695D
:10DE70005A01FB69134403F510631B69BA69510128
:10DE8000FA690A4402F5106223F0FF5323F4C01329
:10DE90001361BB695A01FB69134403F510631B69E5
:10DEA000BA695101FA690A4402F5106243F4002389
:10DEB0001361BB695A01FB69134403F510631B69C5
:10DEC000BA695101FA690A4402F51062DB0CDB04FD
:10DED000136197E0BB695A01FB69134403F51063B2
:10DEE0001B69BA695101FA690A4402F51062DB0C38
:10DEF000DB041361BB695A01FB69134403F510632A
:10DF00001B69BA695101FA690A4402F5106223F0EB
:10DF1000FF5323F4C0131361BB69002B1AD1BB68F4
:10DF20001A69BB689B689A4203D9BB689A68BB6848
:10DF30001A61BB695A01FB69134403F510631B693D
:10DF4000BA695101FA690A4402F5106243F40023E8
:10DF5000136144E0BB681A69BB689B6813445A1E8E
:10DF6000BB689B68B2FBF3F3FB82BB695A01FB6998
:10DF7000134403F510631A69FB8AD904A44B0B40C0
:10DF8000B9694801F969014401F5106113430B6156
:10DF9000BB681B79012B22D1BB695A01FB69134471
:10DFA00003F510631B69BA695101FA690A4402F565
:10DFB000106223F0C0431361BB695A01FB6913442B
:10DFC00003F510631A69FB8A5B0703F0C043B96964
:10DFD0004801F969014401F5106113430B61BB6904
:10DFE0005A01FB69134403F510631A69BB681B6986
:10DFF000C3F31203B9694801F969014401F51061DD
:10E0000013430B61FB79012B4BD1BB68DB69002B00
:10E0100009D0BB695A01FB69134403F510631A4622
:10E02000BB68DB695361BB681B79012B28D1FB6995
:10E0300003F500639B6803F48073002B10D1BB6968
:10E040005A01FB69134403F510631B68BA69510157
:10E05000FA690A4402F5106243F0005313600FE0BE
:10E06000BB695A01FB69134403F510631B68BA6965
:10E070005101FA690A4402F5106243F080531360BB
:10E08000BB695A01FB69134403F510631B68BA6945
:10E090005101FA690A4402F5106243F00443136027
:10E0A00066E1BB695A01FB69134403F510631B6801
:10E0B000BA695101FA690A4402F5106243F0044357
:10E0C0001360BB681B79012B15D0BB681B69002B43
:10E0D00000F04E81FB6903F500635A6BBB681B7847
:10E0E00003F00F03012101FA03F3F96901F500615F
:10E0F00013434B633CE1FB6903F500639B6803F446
:10E100008073002B10D1BB695A01FB69134403F5DE
:10E1100010631B68BA695101FA690A4402F510627A
:10E1200043F0005313600FE0BB695A01FB691344CD
:10E1300003F510631B68BA695101FA690A4402F5D4
:10E14000106243F080531360BB68D968BB681A78CB
:10E15000BB681B6998B2FB7900930346F86800F02E
:10E16000DFFA05E1BB695A01FB69134403F530632B
:10E170001B69BA695101FA690A4402F53062DB0C85
:10E18000DB041361BB695A01FB69134403F5306377
:10E190001B69BA695101FA690A4402F5306223F039
:10E1A000FF5323F4C0131361BB69002B32D1BB684A
:10E1B0001B69002B03D0BB689A68BB681A61BB68F7
:10E1C0009A68BB681A62BB695A01FB69134403F57C
:10E1D00030631A69BB681B6AC3F31203B96948014B
:10E1E000F969014401F5306113430B61BB695A01C0
:10E1F000FB69134403F530631B69BA695101FA697D
:10E200000A4402F5306243F40023136162E000BF68
:10E210000000F81FBB681B69002B23D1BB695A01A2
:10E22000FB69134403F530631A69BB689B68C3F349
:10E230001203B9694801F969014401F530611343DA
:10E240000B61BB695A01FB69134403F530631B6919
:10E25000BA695101FA690A4402F5306243F40023B5
:10E26000136137E0BB681A69BB689B6813445A1E88
:10E27000BB689B68B2FBF3F3FB82BB689B68FA8ABE
:10E2800003FB02F2BB681A62BB695A01FB691344C3
:10E2900003F530631A69FB8AD904384B0B40B9691E
:10E2A0004801F969014401F5306113430B61BB6911
:10E2B0005A01FB69134403F530631A69BB681B6A92
:10E2C000C3F31203B9694801F969014401F53061EA
:10E2D00013430B61FB79012B0DD1BB68DB68002B6D
:10E2E00009D0BB68D968BB695A01FB69134403F5BF
:10E2F00030630A465A61BB681B79012B28D1FB6940
:10E3000003F500639B6803F48073002B10D1BB6995
:10E310005A01FB69134403F530631B68BA69510164
:10E32000FA690A4402F5306243F0005313600FE0CB
:10E33000BB695A01FB69134403F530631B68BA6972
:10E340005101FA690A4402F5306243F080531360C8
:10E35000BB695A01FB69134403F530631B68BA6952
:10E360005101FA690A4402F5306243F00443136034
:10E37000002318462037BD4680BD00BF0000F81FAF
:10E3800080B489B000AF786039600023FB6000235F
:10E39000FB777B68BB617B689B685B0903F00103CB
:10E3A0007B613B685B78012B49D13B681B785A0144
:10E3B000BB69134403F510631B6803F00043B3F11A
:10E3C000004F40F0D2803B681B785A01BB69134470
:10E3D00003F510631B683A6812785101BA690A4460
:10E3E00002F5106243F0006313603B681B785A012A
:10E3F000BB69134403F510631B683A681278510136
:10E40000BA690A4402F5106243F080431360FB6866
:10E410000133FB60FB68B3F5702F02D90123FB7752
:10E42000A3E03B681B785A01BB69134403F51063F2
:10E430001B6803F00043B3F1004FE8D095E07B6820
:10E440009B6923F080027B689A617B685B6903F0BB
:10E450008003002B09D1BB6903F500635B68BA69CF
:10E4600002F5006243F4007353607B69002B12D104
:10E47000FB680133FB60FB68B3F5702F02D9012301
:10E48000FB7705E07B685B6903F01003102BEFD18D
:10E490007B681B6A3B610023FB60FB680133FB6008
:10E4A000FB68B3F5702F02D90123FB7705E07B6889
:10E4B0005B6903F08003802BEFD13B681B785A0126
:10E4C000BB69134403F530631B683A681278510145
:10E4D000BA690A4402F5306243F0006313603B6896
:10E4E0001B785A01BB69134403F530631B683A6813
:10E4F00012785101BA690A4402F5306243F0804350
:10E5000013600023FB60FB680133FB60FB68B3F51D
:10E51000702F02D90123FB770BE03B681B785A016F
:10E52000BB69134403F530639B6803F00203022BBD
:10E53000E9D13B681B785A01BB69134403F530638A
:10E540009B683A6812785101BA690A4402F5306250
:10E5500043F002039360BB6903F500635B68BA692B
:10E5600002F5006243F480635360FB7F1846243752
:10E57000BD465DF8047B704780B485B000AF78601D
:10E5800039607B68FB603B681B78BB603B685B78ED
:10E59000012B2CD1BB685A01FB68134403F51063AF
:10E5A0001B68002B12DBBB68002B0FD0BB685A0125
:10E5B000FB68134403F510631B68BA685101FA68DD
:10E5C0000A4402F5106223F080431360BB685A01CD
:10E5D000FB68134403F510631B68BA685101FA68BD
:10E5E0000A4402F5106243F4001313602BE0BB6889
:10E5F0005A01FB68134403F530631B68002B12DBE0
:10E60000BB68002B0FD0BB685A01FB68134403F5AD
:10E6100030631B68BA685101FA680A4402F5306237
:10E6200023F080431360BB685A01FB68134403F571
:10E6300030631B68BA685101FA680A4402F5306217
:10E6400043F400131360002318461437BD465DF8E9
:10E65000047B704780B485B000AF786039607B6818
:10E66000FB603B681B78BB603B685B78012B28D163
:10E67000BB685A01FB68134403F510631B68BA6852
:10E680005101FA680A4402F5106223F40013136082
:10E690003B681B79032B03D03B681B79022B38D1D5
:10E6A000BB685A01FB68134403F510631B68BA6822
:10E6B0005101FA680A4402F5106243F08053136076
:10E6C00027E0BB685A01FB68134403F530631B68FD
:10E6D000BA685101FA680A4402F5306223F4001363
:10E6E00013603B681B79032B03D03B681B79022B1B
:10E6F0000FD1BB685A01FB68134403F530631B68F4
:10E70000BA685101FA680A4402F5306243F0805356
:10E710001360002318461437BD465DF8047B70472C
:10E7200080B489B000AFF860B96011461A460B4654
:10E73000FB711346BB80FB687B61BB68FB6197F88C
:10E740002830002B23D1BB8803339B083B61002377
:10E75000BB6118E0FB791A037B69134403F580530E
:10E760001A46FB691B681360FB690133FB61FB6997
:10E770000133FB61FB690133FB61FB690133FB6121
:10E78000BB690133BB61BA693B699A42E2D300239A
:10E7900018462437BD465DF8047B704780B48BB0C3
:10E7A00000AFF860B9601346FB80FB68BB61BB68D3
:10E7B0007B62FB889B089BB27B61FB8803F00303B1
:10E7C000FB8300233B6214E0BB6903F580531A68A6
:10E7D0007B6A1A607B6A01337B627B6A01337B62EE
:10E7E0007B6A01337B627B6A01337B623B6A013364
:10E7F0003B623A6A7B699A42E6D3FB8B002B1ED0C0
:10E8000000233B62BB6903F580531A4607F11003EE
:10E8100012681A603A693B6ADBB2DB0022FA03F342
:10E82000DAB27B6A1A703B6A01333B627B6A01335E
:10E830007B62FB8B013BFB83FB8B002BEAD17B6A6A
:10E8400018462C37BD465DF8047B704780B485B010
:10E8500000AF78600B46FB707B68FB60FB6803F5DC
:10E8600000631B68FA6802F5006223F4FE6313601C
:10E87000FB6803F500631A68FB781B0103F4FE6371
:10E88000F96801F5006113430B6000231846143743
:10E89000BD465DF8047B704780B485B000AF7860FA
:10E8A0007B68FB60FB6803F560631B68FA6802F530
:10E8B000606223F003031360FB6803F500635B6889
:10E8C000FA6802F5006223F0020353600023184641
:10E8D0001437BD465DF8047B704780B485B000AF47
:10E8E00078607B68FB60FB6803F560631B68FA680F
:10E8F00002F5606223F003031360FB6803F5006315
:10E900005B68FA6802F5006243F00203536000237B
:10E9100018461437BD465DF8047B704780B485B057
:10E9200000AF78607B685B69FB607B689B69FA6815
:10E930001340FB60FB6818461437BD465DF8047B46
:10E94000704780B485B000AF78607B68FB60FB687F
:10E9500003F500639B69BB60FB6803F50063DB693B
:10E96000BA681340BB60BB681B0C18461437BD4621
:10E970005DF8047B704780B485B000AF78607B6839
:10E98000FB60FB6803F500639B69BB60FB6803F5F4
:10E990000063DB69BA681340BB60BB689BB2184672
:10E9A0001437BD465DF8047B704780B485B000AF76
:10E9B00078600B46FB707B68FB60FB785A01FB6854
:10E9C000134403F530639B68BB60FB6803F5006389
:10E9D0005B69BA681340BB60BB6818461437BD4614
:10E9E0005DF8047B704780B487B000AF78600B4659
:10E9F000FB707B687B617B6903F500631B693B618E
:10EA00007B6903F500635B6BFB60FB7803F00F032E
:10EA1000FA6822FA03F3DB01DBB23A6913433B6184
:10EA2000FB785A017B69134403F510639B683A69CC
:10EA30001340BB60BB6818461C37BD465DF8047BBD
:10EA4000704780B483B000AF78607B685B6903F087
:10EA5000010318460C37BD465DF8047B704780B44F
:10EA600085B000AF78607B68FB60FB6803F51063DE
:10EA70001B68FA6802F5106223F4FF6323F00703B2
:10EA80001360FB6803F500635B68FA6802F50062D7
:10EA900043F480735360002318461437BD465DF875
:10EAA000047B704780B487B000AFF8600B467A6093
:10EAB000FB72FB687B61FB683C3304331B683B6182
:10EAC0003B69264A93420AD97B6903F530631B6888
:10EAD00003F00043B3F1004F01D1002337E07B691D
:10EAE00003F530631A46002313617B6903F5306335
:10EAF0001B697A6902F5306243F4002313617B6974
:10EB000003F530631B697A6902F5306243F018033C
:10EB100013617B6903F530631B697A6902F5306222
:10EB200043F0C0431361FB7A012B0FD17B6903F5DE
:10EB300030631A467B6853617B6903F530631B6859
:10EB40007A6902F5306243F080231360002318468F
:10EB50001C37BD465DF8047B704700BF0A30544F38
:10EB600080B485B000AF78600023FB60FB680133A0
:10EB7000FB60FB68B3F1706F01D9032322E07B686F
:10EB80001B69002BF2DA0A23FB6002E0FB68013B01
:10EB9000FB60FB68002BF9D17B681B6943F0010225
:10EBA0007B681A61FB680133FB60FB68B3F1706F2F
:10EBB00001D9032306E07B681B6903F00103012BE5
:10EBC000F0D0002318461437BD465DF8047B70472B
:10EBD0000139024410B5904201D1002005E00378CC
:10EBE00011F8014FA34201D0181B10BD0130F2E70C
:10EBF00002440346934200D1704703F8011BF9E732
:10EC000070B50D4D00260D4C641BA410A64209D111
:10EC10000B4D00260B4C00F025F8641BA410A642F7
:10EC200005D170BD55F8043B01369847EEE755F81D
:10EC3000043B01369847F2E790ED000890ED00089C
:10EC400090ED000894ED00080A44431E914200D163
:10EC5000704710B511F8014B914203F8014FF9D1FB
:10EC600010BD0000F8B500BFF8BC08BC9E46704758
:0CEC7000F8B500BFF8BC08BC9E46704719
:10EC7C00010001004D696E69506174636820454361
:10EC8C004720446576696365000000004C69766531
:10EC9C0077656C6C0000000043444320436F6E6644
:10ECAC006967000043444320496E74657266616372
:10ECBC0065000000000000000000000001020304D9
:10ECCC0006070809006CDC0200366E010024F40013
:10ECDC00001BB70000093D0080841E00504B14003F
:10ECEC0040420F0000E02E000070170000A00F0043
:10ECFC0000B80B00801A0600400D030088070200C4
:10ED0C00A086010000000242010000000000024247
:10ED1C000300000000000242060000000004024252
:10ED2C0001000000000402420A0000000008024238
:10ED3C0002000000000C02420D000000000C024218
:10ED4C0002000000000802420A0000000004024217
:10ED5C0000000000000802420C0000000004024207
:10ED6C0003000000000402420400000000100242F4
:10ED7C0000000000001002420200000000100242DD
:04ED8C000300000080
:04ED90007502000800
:04ED94005102000820
:10ED98000A0600020000004001000000C932000815
:10EDA800B9340008BD35000800000000E338000849
:10EDB80075370008733800080000000000000000E4
:10EDC80000000000C939000859390008393A00081C
:10EDD800A93A000809024300020100C032090400F0
:10EDE80000010202010005240010010524010001B0
:10EDF8000424020205240600010705820308001006
:10EE080009040100020A0000000705010240000091
:10EE18000705810240000081018200006953000853
:10EE280091530008A15300085D540008D954000804
:10EE3800FD54000821550008815500084555000873
:10EE4800A9550008CD550008095600084556000880
:10EE5800120101020202004083044CA500020102D3
:10EE680003010000050F0C0001071002020000005A
:10EE7800040309041A030000000000000000000059
:10EE8800000000000000000000000000000000007A
:10EE980000093D0010000000010000000000000013
:10EEA8000000000000000000000000000100000059
:08EEB800000000000000000052
:040000050800672D5B
:00000001FF
